sakai_id,ind_tiene_contenido,ind_entrega_tarea,ind_tiene_notificaciones,ind_notificaciones_mail,ind_tiene_mensajes,ind_lee_mensajes,ind_activ_nuevo_mensaje,ind_activ_respuesta_mensaje,ind_usa_imagen_oficial,ind_mostrar_feed,ind_status_online,ind_notificac_examen,ind_notificac_tareas,ind_conexion,num_total_visitas,ind_al_menos_un_aprobado,ind_todo_aprobado
0e54d523-c9f2-4ac6-b708-795e66354cf0,1,1,1,1,1,1,1,1,0,1,1,1,1,1,5,1,1
0ff08a5e-2323-4a6a-ab4d-c89a8325d400,1,1,1,1,1,1,1,1,0,1,1,0,0,1,6,1,1
0ff33408-9fc2-4e5d-9662-3f84eb92c021,1,1,1,1,1,1,1,1,0,1,0,1,1,1,4,1,1
0c133b9d-e572-4de7-97be-76119b52153f,1,1,1,1,1,1,1,1,0,1,1,0,0,1,6,1,0
14304a30-e0db-4d30-ac8a-335c4b2dcf1c,1,1,1,1,1,1,0,0,0,1,1,1,1,1,6,1,0
057d80e3-8d94-48bc-9add-57893202e134,1,1,1,1,1,1,1,1,0,1,1,0,0,1,6,1,0
03139c87-da85-4751-abe8-44cf014e275a,1,1,1,1,1,1,1,1,0,1,1,0,0,1,3,1,1
15705e55-2e53-4d66-ab2d-b416b110a303,1,1,1,1,1,1,1,1,0,1,1,0,0,1,3,1,1
1170b3dd-613e-4476-b6c7-f31ca700a113,1,1,1,1,1,1,1,1,0,1,1,1,1,1,6,1,0
083ad4e1-bef4-434f-b80f-cc7be45d5fe5,1,1,1,1,1,1,1,1,0,1,1,0,0,1,4,1,0
083c188c-53d9-4398-bc5d-ab9896423025,1,1,1,1,1,1,1,1,0,1,1,0,0,1,6,1,0
047c9034-6ef2-4b6a-9cf0-aa57db856792,1,1,1,1,1,1,1,1,0,1,1,0,0,1,4,1,1
0bbdfbc2-16b4-4aee-bdd0-2ceb55a87eab,1,1,1,1,1,1,1,1,0,1,1,0,0,1,6,1,1
146945b2-244c-4667-be59-d22e7d6e903d,1,1,1,1,1,1,1,1,0,1,1,1,1,1,3,1,1
15cf0575-0344-4dea-a017-a50a7c1e89d8,1,1,1,1,1,1,1,1,0,1,1,0,0,1,4,1,1
049fbf08-c05a-4a1b-b55f-046c35a20763,1,1,1,1,1,1,0,0,0,1,1,1,1,1,6,1,0
138495b9-0ed2-4704-9731-ac6074616fc9,1,1,1,1,1,1,1,1,0,1,1,0,0,1,6,1,0
10bedc74-f4af-4827-9c50-a2ef8343ad9e,1,1,1,1,1,1,1,1,0,1,1,0,0,1,6,1,0
017c97cd-1bd6-4c7e-81c4-6e79719f1194,1,1,1,1,1,1,1,1,0,1,1,1,1,1,6,1,1
01ad0572-0ff8-48ca-8ea6-88da91ae3203,1,1,1,1,1,1,1,1,0,1,1,0,0,1,6,1,0
11aa93fd-4546-4f5a-9953-9fdbab03bcd2,1,1,1,1,1,1,1,1,0,1,1,0,0,1,6,1,0
037352fc-ffd0-4901-818a-d06ae8b26d3a,1,1,1,1,1,1,1,1,0,1,1,1,1,1,6,1,0
1475d46a-54bf-4c34-9dbd-8fde8d60f80f,1,1,1,1,1,1,1,1,0,1,1,0,0,1,6,1,1
00653671-65ae-4c89-80f2-03a1bc75dd5b,1,1,1,1,1,1,1,1,0,1,1,1,1,1,4,1,1
013f4cb9-8f55-400b-9d87-995bbb741565,1,1,1,1,1,1,1,1,0,1,1,0,0,1,4,1,0
071f7de4-3ca1-4789-aac1-6e1121f9513c,1,1,1,1,1,1,1,1,0,1,1,0,0,1,4,1,1
0fde6eba-0136-4db4-9644-a0e38b259511,1,1,1,1,1,1,1,1,0,1,1,0,0,1,5,1,1
0559f6a8-fcfb-4713-b03d-8f16e7c78d28,1,1,1,1,1,1,1,1,0,1,1,0,0,1,4,1,1
06c25e70-04c2-40ca-baf2-aefe7165b760,1,1,1,1,1,1,1,1,0,1,1,0,0,1,4,1,0
05e62c7b-bfdc-4f4a-af24-ecff1bec49d8,1,1,1,1,1,1,1,1,0,1,1,0,0,1,5,1,1
08f16374-e976-4d65-9114-0e31053ae8e3,1,1,1,1,1,1,1,1,0,1,1,0,0,1,6,1,0
1396266d-1b13-4655-a221-603642f2af91,1,1,1,1,1,1,1,1,0,1,1,1,1,1,6,1,0
15223239-785f-4a9b-aba6-5d7363a4b990,1,1,1,1,1,1,1,1,0,1,1,0,0,1,3,1,1
0e9dbe20-4a55-4b88-93b1-d4de136d710c,1,1,1,1,1,1,1,1,0,1,1,1,1,1,6,1,1
0c767fd5-4c03-480a-a370-c654c915ce44,1,1,1,1,1,1,1,1,0,1,1,0,0,1,3,1,0
0b303fd1-3643-49df-bfed-a75185f933a3,1,1,1,1,1,1,1,1,0,1,1,0,0,1,5,1,0
0b4e13b6-4d8e-4a43-b139-826603f1c772,1,1,1,1,1,1,1,1,0,1,1,1,1,1,5,1,0
06e2cb15-0794-4449-ba71-647ff1908193,1,1,1,1,1,1,1,1,0,1,1,0,0,1,5,1,0
02025464-e5b1-48bb-9464-ed3a902b9402,1,1,1,1,1,1,1,1,0,1,1,0,0,1,5,1,0
0c67f7a6-41b1-412e-9d0e-675fde70404f,1,1,1,1,1,1,1,1,0,1,1,0,0,1,3,1,1
08050633-6759-4f1d-9218-fd5ce522553d,1,1,1,1,1,1,1,1,0,1,1,0,0,1,4,1,0
0c201397-3de5-40d4-b6e9-6ce2b09bf659,1,1,1,1,1,1,1,1,0,1,1,0,0,1,6,1,0
0bfa7955-cd30-4753-80c2-db5d7ff9d27f,1,1,1,1,1,1,1,1,0,1,1,1,1,1,3,1,0
02696a0f-c8fa-4d31-81be-69b151d22508,1,1,1,1,1,1,1,1,0,1,1,0,0,1,5,1,0
02af00c4-99f2-4aa3-865e-f93d3e1a7663,1,1,1,1,1,1,1,1,0,1,1,0,0,1,3,1,0
03823a48-a179-4327-b61a-b66e462539aa,1,1,1,1,1,1,1,1,0,1,1,0,0,1,3,1,1
04afdd13-3ad4-46cf-a450-9e05a73c6786,1,1,1,1,1,1,1,1,0,1,1,0,0,1,5,1,0
06a21c84-00de-4434-90d6-df96aae7d2dd,1,1,1,1,1,1,1,1,0,1,1,0,0,1,2,1,1
1090dc1a-549e-43d2-98cd-6a364b187204,1,1,1,1,1,1,1,1,0,1,1,0,0,1,5,1,0
137ac097-d466-4aba-90d0-e0295fecaa52,1,1,1,1,1,1,1,1,0,1,1,0,0,1,2,1,1
1538e6c7-9310-4a65-a5c5-5e745ad33766,1,1,1,1,1,1,1,1,0,1,1,0,0,1,3,1,0
154af6d0-7e2b-41a1-bde1-5682f908ce5d,1,1,1,1,1,1,0,0,0,0,0,0,0,1,5,1,1
14e46a62-ccec-4646-a6ec-5ac726453f12,1,1,1,1,1,1,1,1,0,1,1,1,1,1,4,1,0
0633b3dd-9943-4c52-ac7d-b7e671b63ad1,1,1,1,1,1,1,1,1,0,1,1,0,0,1,4,1,1
082dc358-d0de-4a34-91bd-8e8b38c68f7d,1,1,1,1,1,1,1,1,0,1,1,0,0,1,3,1,0
08179909-79c1-4181-8422-61f7ecabde85,1,1,1,1,1,1,1,1,0,1,1,0,0,1,4,1,0
14c0bb98-c5d1-437c-92b6-3d13df37aaaa,1,1,1,1,1,1,1,1,0,1,1,0,0,1,5,1,1
0d774e44-a3a1-4cd5-9aca-e8649164deb0,1,1,1,1,1,1,1,1,0,1,1,0,0,1,3,1,1
0224b4cc-6966-4c3c-8f70-7d3a6d992064,1,1,1,1,1,1,1,1,0,1,1,1,1,1,4,1,1
002e2180-e984-4018-a364-b29a4722470c,1,1,1,1,1,1,1,1,0,1,1,0,0,1,2,1,1
0dd60d40-5e9e-403d-b9ea-7ba8a3db9d21,1,1,1,1,1,1,1,1,0,1,1,0,0,1,5,1,0
0d45d523-a61b-4e0a-b675-a4c3bb2cf92c,1,1,1,1,1,1,1,1,0,1,1,0,0,1,2,1,1
00e2f69d-0894-45a0-a324-e5c0ac4a5e87,1,1,1,1,1,1,1,1,0,1,0,1,1,1,4,1,1
14efebfa-8512-4a93-bf2f-e248c4ba61e3,1,1,1,1,1,1,1,1,0,1,1,0,0,1,5,1,0
0ff376ee-f650-43e1-bb84-f2f58d299810,1,1,1,1,1,1,1,1,0,1,1,1,1,1,5,1,0
0dc542a8-3711-4353-b6f4-43e29953552d,1,1,1,1,1,1,1,1,0,1,1,1,1,1,3,1,1
0a60410d-d7a5-4d64-9a43-8d2823a2f463,1,1,1,1,1,1,1,1,0,1,1,0,0,1,3,1,0
0fbe3a70-a719-426e-a713-d70daef3932d,1,1,1,1,1,1,1,1,0,1,1,0,0,1,4,1,0
05e58f6a-76b2-4516-8c45-3e9b1e871a5e,1,1,1,1,1,1,1,1,0,1,1,0,0,1,6,1,0
0fb61dc3-3ba5-4b4c-8402-a194ac928e72,1,1,1,1,1,1,1,1,0,1,1,0,0,1,3,1,0
159ee194-82ea-495b-af52-4051c3d3e3d7,1,1,1,1,1,1,1,1,0,1,1,0,0,1,3,1,0
118df4a3-1c18-466e-89aa-8cd84d9cbef5,1,1,1,1,1,1,1,1,0,1,1,0,0,1,4,1,1
0d7b90c9-dd7d-492d-a2ab-245d5f9629bb,1,1,1,1,1,1,1,1,0,1,1,1,1,1,3,1,1
105bda90-34c5-4c83-9edc-0ea83ec8c46c,1,1,1,1,1,1,1,1,0,1,1,0,0,1,4,1,1
149f77a0-7a8a-4560-a666-10bd6954e3bc,1,1,1,1,1,1,1,1,0,1,1,0,0,1,2,1,0
070ff2af-bd8e-4d63-aa82-0374022ebbad,1,1,1,1,1,1,1,1,0,1,1,0,0,1,5,1,0
086d1879-172d-420a-9d18-0e1332e6aa3b,1,1,1,1,1,1,1,1,0,1,1,0,0,1,5,1,0
0ede361a-f579-47e6-aa69-f3621daa91c8,1,1,1,1,1,1,1,1,0,1,1,0,0,1,3,1,0
10838b69-7dd9-4e05-9856-29050abaa9a3,1,1,1,1,1,1,1,1,0,1,1,0,0,1,5,1,0
11dd0354-73cd-48bf-a5f9-9ee7a600fd67,1,1,1,1,1,1,1,1,0,1,1,0,0,1,5,1,0
11b7078d-0033-453b-9f8d-d1957f4a3a37,1,1,1,1,1,1,1,1,0,1,1,0,0,1,2,1,0
00888f5a-d5ca-44aa-9738-5f272df8abc9,1,1,1,1,1,1,1,1,0,1,1,0,0,1,3,1,0
0714361c-1eb8-4600-9283-853724851420,1,1,1,1,1,1,1,1,0,1,1,0,0,1,3,1,1
11ee1845-0dd6-4cd1-bdb0-66d91d805e08,1,1,1,1,1,1,1,1,0,1,1,0,0,1,3,1,1
093738b6-e283-4a88-8c7c-a3cca491f76e,1,1,1,1,1,1,1,1,0,1,1,0,0,1,4,1,0
15522974-1949-4829-8d5c-995e5ea9a692,1,1,1,1,1,1,1,1,0,1,1,0,0,1,2,1,0
09088ce1-b0dc-46af-9ea8-f70a10fbf93c,1,1,1,1,1,1,1,1,0,1,1,0,0,1,5,1,0
0aaa9722-1030-4275-83e7-6cef3da76ec4,1,1,1,1,1,1,1,1,0,1,1,0,0,1,2,1,1
034d7488-6e17-4f66-9be2-b51c437aac73,1,1,1,1,1,1,1,1,0,1,1,0,0,1,6,1,0
0d7622da-8fd2-44a8-b0e4-13b7c5024821,1,1,1,1,1,1,1,1,0,1,1,0,0,1,6,1,0
092aaeb4-5d82-407f-8d3e-b6c7e9f7343f,1,1,1,1,1,1,1,1,0,1,1,1,1,1,3,1,0
10f4335f-207c-4fa5-a2d3-4c4da6d5a312,1,1,1,1,1,1,1,1,0,1,1,0,0,1,4,1,0
051e6364-d90a-4a03-a698-303d61ca843d,1,1,1,1,1,1,1,1,0,1,1,0,0,1,5,1,1
10691e34-0628-4419-83ca-0f4165b946ab,1,1,1,1,1,1,1,1,0,0,0,1,1,1,4,1,1
134b077b-687b-4ee6-ac76-dddb46c5b0ea,1,1,1,1,1,1,1,1,0,1,1,0,0,1,4,1,1
06ce4f0a-07bc-4e3e-9cbf-87644f07b6f8,1,1,1,1,1,1,1,1,0,1,1,0,0,1,5,1,0
10dda9f5-1858-4ea0-9729-ac97472f293d,1,1,1,1,1,1,1,1,0,1,1,1,1,1,3,1,0
11e279a9-998d-4123-8a55-c693bfbd4b21,1,1,1,1,1,1,1,1,0,1,1,1,1,1,4,1,1
0d1cdb1f-bab3-45b5-9349-d1df659fc590,1,1,1,1,1,1,1,1,0,1,1,0,0,1,6,1,1
133d8cf2-c42f-49c6-93a1-5e91ee7de548,1,1,1,1,1,1,1,1,0,1,1,0,0,1,5,1,1
1212b69b-ceed-4e17-a69e-13a66672323f,1,1,1,1,1,1,1,1,0,1,1,0,0,1,1,1,1
0924309f-149d-4701-bdd9-b01ecb7f294d,1,1,1,1,1,1,1,1,0,1,1,0,0,1,5,1,1
148ab5e2-3fc6-46fc-8565-c45af4685b75,1,1,1,1,1,1,1,1,0,1,1,0,0,1,5,1,1
1506e6cb-d9d7-46b6-b9c8-cc2614af9b1c,1,1,1,1,1,1,1,1,0,1,1,0,0,1,5,1,1
1588f98e-86f1-4567-a054-840a1cb19aef,1,1,1,1,1,1,1,1,0,1,1,0,0,1,3,1,0
0bfe0432-7a30-4ff3-8f35-a6a6b444cfa4,1,1,1,1,1,1,1,1,0,1,1,0,0,1,4,1,1
1391614d-732e-42c3-8e82-e7e760abff7a,1,1,1,1,1,1,1,1,0,1,1,1,1,1,3,1,0
12febf13-bb88-46a2-bf69-8ada186890e6,1,1,1,1,1,1,1,1,0,1,1,0,0,1,3,1,0
10cccd63-2052-4766-84fa-0d396b7e1a60,1,1,1,1,1,1,1,1,0,1,1,0,0,1,4,1,1
02941081-4ba4-4edd-a150-69c96d502734,1,1,1,1,1,1,1,1,0,1,1,0,0,1,3,1,1
07108789-6ff5-4d44-b09b-fd3def97cbb8,1,1,1,1,1,1,1,1,0,1,1,0,0,1,2,1,1
10e6a829-a21f-42d3-bcf6-97d665968b71,1,1,1,1,1,1,1,1,0,1,1,0,0,1,3,1,0
01171376-6848-4c0b-9e8b-787b36a059fd,1,1,1,1,1,1,1,1,0,1,1,1,1,1,4,1,1
07379b6c-876c-4ab4-a947-6d7d1b5017c3,1,1,1,1,1,1,1,1,0,1,1,1,1,1,5,1,1
07a92d1a-1e62-472d-8bc1-ef88895935fa,1,1,1,1,1,1,1,1,0,1,1,0,0,1,5,1,1
08c5804f-d376-4f41-8052-83a0ff57f48c,1,1,1,1,1,1,1,1,0,1,1,0,0,1,4,1,1
08dda97d-225d-4042-beb4-8cb7ef7514b5,1,1,1,1,1,1,1,1,0,1,1,0,0,1,4,1,0
0a3a99c9-af3b-4d9a-a131-8d333b667d2b,1,1,1,1,1,1,1,1,0,1,1,0,0,1,5,1,0
0a590c9e-a44b-45ba-a619-5191b20ebd2d,1,1,1,1,1,1,1,1,0,1,1,0,0,1,4,1,0
12a1a18b-f3bd-449e-976c-9b00dfaf6ba5,1,1,1,1,1,1,1,1,0,1,1,0,0,1,4,1,1
142142d8-9ccc-4c3f-bf32-1a1e2e5d630b,1,1,1,1,1,1,1,1,0,1,1,0,0,1,5,1,1
153460aa-2781-476a-8262-4bcb0ba113f7,1,1,1,1,1,1,0,0,0,1,1,0,0,1,4,1,1
0e770076-4229-4145-92e8-c3d465850ef4,1,1,1,1,1,1,1,1,0,1,1,0,0,1,2,1,1
114f4124-87b0-4a6a-92a9-683b3b64a7b5,1,1,1,1,1,1,1,1,0,1,1,0,0,1,6,1,0
0d73436e-7e79-4245-b5b6-a3fbc90f9168,1,1,1,1,1,1,1,1,0,1,1,0,0,1,4,1,1
06def57b-2661-44a9-9c18-ad55b4dfa068,1,1,1,1,1,1,1,1,0,1,1,0,0,1,5,1,0
06860fbb-fb8b-462e-b78f-b6e4d4fb5255,1,1,1,1,1,1,1,1,0,1,1,0,0,1,4,1,1
10eaa4ae-bebf-46f3-b0c5-fb3a28a913b8,1,1,1,1,1,1,1,1,0,1,1,0,0,1,5,1,0
063a6d93-2e62-4e52-97c0-2316d3e151d9,1,1,1,1,1,1,1,1,0,1,1,0,0,1,3,1,0
154ba522-46db-4628-a46c-f705e552e2e5,1,1,1,1,1,1,1,1,0,1,1,0,0,1,3,1,1
15afed7b-c8eb-4c99-8f7b-5da01a31b217,1,1,1,1,1,1,1,1,0,1,1,0,0,1,4,1,0
15996ccd-4bf7-4858-9249-6bd21afa516a,1,1,1,1,1,1,1,1,0,1,1,0,0,1,3,1,0
0f50d718-d430-4ed3-bd8b-c2abbc2ee3b1,1,1,1,1,1,1,1,1,0,1,1,0,0,1,4,1,0
15bb8fcb-feed-4813-a8e6-4eef3ce4baeb,1,1,1,1,1,1,1,1,0,1,1,1,1,1,5,1,1
15f9dfda-77c8-4c73-8d85-b0bcf1ce52b7,1,1,1,1,1,1,1,1,0,1,1,0,0,1,4,1,1
0269733a-1865-449c-bbcc-f0f23d65b35f,1,1,1,1,1,1,1,1,0,1,1,0,0,1,6,1,0
09a7e877-94ee-4577-8580-4733cd62b436,1,1,1,1,1,1,1,1,0,1,1,0,0,1,5,1,0
0dcb71e8-c2a8-4978-bc3f-509c5e4b59e0,1,1,1,1,1,1,1,1,0,1,1,0,0,1,6,1,1
12ac56c1-f4c5-401f-b358-714db34736f8,1,1,1,1,1,1,1,1,0,1,1,1,1,1,6,1,1
04a5d097-f8ca-480c-8663-e492a6523d17,1,1,1,1,1,1,1,1,0,1,1,1,1,1,6,1,0
0c382fcd-a244-4a3a-bf78-b21dcfc7dd7a,1,1,1,1,1,1,1,1,0,1,1,1,1,1,6,1,1
01d48344-f46c-45d6-a3a2-ad9f31a822c0,1,1,1,1,1,1,1,1,0,1,1,0,0,1,5,1,1
10614952-f73c-440e-b355-0c784622f33f,1,1,1,1,1,1,1,1,0,1,1,1,1,1,4,1,1
0f12e576-4c9b-4254-9c27-116dc668f01f,1,1,1,1,1,1,1,1,0,1,1,0,0,1,4,1,1
0016cdfc-a19f-4cba-a972-b953fa6fc525,1,1,1,1,1,1,1,1,0,1,1,0,0,1,6,1,0
0b4daf86-f5b3-4da7-b1da-911adabe6b01,1,1,1,1,1,1,1,1,0,1,1,0,0,1,5,1,0
0df4f4de-0995-4394-857f-1d803ed1f2aa,1,1,1,1,1,1,1,1,0,1,1,0,0,1,5,1,1
0e9b0cf5-f29f-4f78-8b11-fe272f55f8c1,1,1,1,1,1,1,1,1,0,1,1,0,0,1,5,1,1
125cc2e7-2350-404a-8aa4-2dae233d8090,1,1,1,1,1,1,1,1,0,1,1,0,0,1,6,1,1
069552a6-b6ba-471b-9c06-86a1b39a05e1,1,1,1,1,1,1,1,1,0,1,1,0,0,1,6,1,0
138b1dc7-1898-4588-a5a8-7e2382a684f0,1,1,1,1,1,1,1,1,0,1,1,0,0,1,5,1,1
05824137-a84c-4778-9db4-67c049133ac8,1,1,1,1,1,1,1,1,0,1,1,1,1,1,4,1,1
153ecf45-7032-4c3c-92b1-748a8f32e9a4,1,1,1,1,1,1,1,1,0,1,1,1,1,1,5,1,1
09ddbcfb-b50a-48f9-94f7-b6ec2b31155c,1,1,1,1,1,1,1,1,0,1,1,0,0,1,5,1,1
0a57d27e-d3c4-432f-8b39-552569679743,1,1,1,1,1,1,1,1,0,1,1,1,1,1,4,1,1
13a33c60-ce7f-40ce-9a2a-635bc03068e7,1,1,1,1,1,1,1,1,0,1,1,0,0,1,6,1,1
14b622d5-1c99-4ad3-b172-326265a0c0c4,1,1,1,1,1,1,1,1,0,1,1,0,0,1,4,1,1
078c6538-6ee6-4723-baad-92b54e7ecd8a,1,1,1,1,1,1,1,1,0,1,1,0,0,1,5,1,1
08828675-e248-4ab7-b22d-5190a5ea2974,1,1,1,1,1,1,1,1,0,1,1,0,0,1,3,1,1
0d7c04f0-de8e-4b15-9c7a-68cfa26e6b25,1,1,1,1,1,1,1,1,0,1,1,0,0,1,5,1,1
12a1620e-18f5-4bc3-8488-68ed036dd04d,1,1,1,1,1,1,0,0,0,1,1,1,1,1,6,1,0
0da8e46e-e09a-41bd-a0d8-aa2313b45ea8,1,1,1,1,1,1,1,1,0,0,0,1,1,1,6,1,1
139a3b7c-033f-43af-8d2f-3d3bfec0646c,1,1,1,1,1,1,1,1,0,1,1,0,0,1,5,1,0
073fa029-0163-4786-a937-9cf04332ddbd,1,1,1,1,1,1,1,1,0,1,1,0,0,1,4,1,1
123711c1-3716-4edd-bc08-55e3d951c8f5,1,1,1,1,1,1,1,1,0,1,1,0,0,1,5,1,1
0e42c5f5-987f-4a3d-8274-68acd640ebbf,1,1,1,1,1,1,1,1,0,1,1,0,0,1,6,1,1
06fc7483-1d76-493a-8520-928b74c199ca,1,1,1,1,1,1,1,1,0,1,1,0,0,1,5,1,0
0fd26d3d-dcb0-438f-a2bd-44e68dc394c7,1,1,1,1,1,1,1,1,0,1,1,0,0,1,3,1,0
08382ff6-fd87-4dce-ab97-3ec3b310bb85,1,1,1,1,1,1,1,1,0,1,1,1,1,1,3,1,0
0973ca19-8857-4d33-b433-d6bf51b679e3,1,1,1,1,1,1,1,1,0,1,1,1,1,1,3,1,1
094ee1cc-f398-4cf6-b6e0-096b74f309d7,1,1,1,1,1,1,1,1,0,1,1,0,0,1,5,1,1
11207cfb-e669-4f36-94bc-b0c36e220b3c,1,1,1,1,1,1,1,1,0,1,1,0,0,1,4,1,0
13edb410-daff-4759-89cb-27c9e757e22c,1,1,1,1,1,1,1,1,0,1,1,0,0,1,3,1,0
14dda0b1-2ce5-40a8-8fa3-c6d0698926c8,1,1,1,1,1,1,1,1,0,1,1,0,0,1,4,1,1
0af59dc0-b25e-451b-9a99-8ccf6d165e8c,1,1,1,1,1,1,1,1,0,1,1,0,0,1,3,1,1
011b7731-9a83-4e84-a8c7-4716d4cb4cc4,1,1,1,1,1,1,1,1,0,1,1,1,1,1,5,1,1
01d80040-80a6-4ccd-aae4-37a7b29b1c5c,1,1,1,1,1,1,1,1,0,1,1,0,0,1,5,1,0
08a81b63-e961-4faa-b850-ceac52f9aac7,1,1,1,1,1,1,1,1,0,1,1,1,1,1,5,1,1
156588f3-415d-4487-aefd-ae6d9e8372f5,1,1,1,1,1,1,1,1,0,1,1,0,0,1,4,1,1
1616f582-4345-402a-adbb-89bb5f3c3baf,1,1,1,1,1,1,1,1,0,1,1,1,1,1,4,1,1
016fd9ee-d590-463a-a91b-50862227436b,1,1,1,1,1,1,1,1,0,1,1,1,1,1,6,1,1
03803c97-ee2b-4ecb-8d15-7535d72f0904,1,1,1,1,1,1,1,1,0,1,1,1,1,1,4,1,1
0d4ee965-f973-4012-a415-28db01f59552,1,1,1,1,1,1,1,1,0,1,1,0,0,1,4,1,0
10e149fd-a4d8-4955-9aa1-d19033a7ebb3,1,1,1,1,1,1,1,1,0,1,1,0,0,1,5,1,0
11ff47f6-fe0b-4971-8d5c-54f3dfd5e636,1,1,1,1,1,1,1,1,0,1,1,1,1,1,5,1,1
1309203e-5f6d-4b93-b0f2-b7ff33a7e424,1,1,1,1,1,1,1,1,0,1,1,0,0,1,5,1,1
16053d83-61fa-4ea0-b180-87ced459a342,1,1,1,1,1,1,1,1,0,1,1,1,1,1,3,1,0
15139c69-41c4-42c2-9cd4-b1e545c15785,1,1,1,1,1,1,1,1,0,1,1,0,0,1,6,1,0
020bb31b-c005-49be-8472-9bad5bdf7f67,1,1,1,1,1,1,1,1,0,1,1,0,0,1,5,1,1
117d09cb-6abc-4a88-b98b-9f0a6c165039,1,1,1,1,1,1,1,1,0,1,1,0,0,1,3,1,1
124e534f-d913-43aa-9c9c-b7c933337a4d,1,1,1,1,1,1,1,1,0,1,1,0,0,1,5,1,0
144fc8cd-a6d6-45ac-9d3d-5ed71b43bcc1,1,1,1,1,1,1,1,1,0,1,1,0,0,1,5,1,1
0220e59e-58a0-4543-a4fc-639cd3e3df83,1,1,1,1,1,1,1,1,0,1,1,1,1,1,6,1,1
0306ce1a-24cf-4101-b37a-0a955ce7918d,1,1,1,1,1,1,1,1,0,1,1,0,1,1,6,1,1
089cba7d-efd6-4418-8524-3acf14cfcefd,1,1,1,1,1,1,1,1,0,1,1,0,0,1,4,1,1
0b1d9093-8f1a-4237-8967-7ba46ba34ea6,1,1,1,1,1,1,1,1,0,1,1,0,0,1,3,1,1
0beb18e1-c02e-4f84-8ee2-7ac35c85353d,1,1,1,1,1,1,1,1,0,1,1,0,0,1,5,1,1
0d31cccf-0f89-4aca-a94a-c2c18e6d60c9,1,1,1,1,1,1,1,1,0,1,1,0,0,1,4,1,1
15e0f434-b635-42be-8c20-723ebbadf5ab,1,1,1,1,1,1,1,1,0,1,1,0,0,1,4,1,0
08c34730-372b-4dab-8bef-85b296df9233,1,1,1,1,1,1,1,1,0,1,1,0,0,1,3,1,0
03c35ad8-145b-405c-af57-191dd7f376bc,1,1,1,1,1,1,1,1,0,1,1,0,0,1,2,1,1
0530c8ac-a930-4341-90c1-4bd4b91c140d,1,1,1,1,1,1,1,1,0,1,1,0,0,1,4,1,1
05da3117-0203-4f8b-bac2-5193520bdd99,1,1,1,1,1,1,1,1,0,1,1,0,0,1,4,1,1
093ee2c9-7bc5-454c-961e-d4061028f6ca,1,1,1,1,1,1,1,1,0,1,1,0,0,1,5,1,0
09c1e44f-11fb-4d24-8c81-85834cb391b1,1,1,1,1,1,1,1,1,0,1,1,1,1,1,3,1,0
02909a26-c134-478b-af4b-81c0d1daac23,1,1,1,1,1,1,1,1,0,1,1,0,0,1,3,1,1
04e560dd-dcf5-4493-9089-351b34935762,1,1,1,1,1,1,1,1,0,1,1,0,0,1,3,1,0
08e25df8-d217-499a-8652-6e79d2a05015,1,1,1,1,1,1,1,1,0,1,1,1,1,1,6,1,1
0db913e4-cb0f-4466-9100-f3c840593ee2,1,1,1,1,1,1,1,1,0,1,1,0,0,1,5,1,0
076e15a1-acb8-4f3a-b34a-42d8d21b8899,1,1,1,1,1,1,1,1,0,1,1,1,1,1,4,1,0
0004ed62-90c8-48aa-8e4d-1f30fd6f0835,1,1,1,1,1,1,1,1,0,1,1,0,0,1,3,1,0
019044aa-4fb8-48ce-9646-3788cc8ab207,1,1,1,1,1,1,1,1,0,1,1,0,0,1,5,1,1
046a1796-f44c-4c5c-a7b4-780e8d19bd1d,1,1,1,1,1,1,1,1,0,1,1,1,1,1,5,1,1
0af6e9d6-d156-4e68-b9c5-4ca66611b93a,1,1,1,1,1,1,0,0,0,1,1,0,0,1,4,1,1
0f5ca6ca-d35a-458d-bb9f-0992bdb11a46,1,1,1,1,1,1,1,1,0,1,1,0,0,1,2,1,1
12155c2c-4a6a-481d-816a-09b9d135493d,1,1,1,1,1,1,1,1,0,1,1,0,0,1,4,1,1
02d26bca-3913-4d84-9534-9cbd0bbf93d9,1,1,1,1,1,1,1,1,0,1,1,0,0,1,6,1,1
12245441-bf4b-451e-a85d-77d310811e92,1,1,1,1,1,1,1,1,0,1,1,0,0,1,2,1,1
034b6ad3-6b27-430a-bf83-758290f23789,1,1,1,1,1,1,1,1,0,1,1,0,0,1,2,1,0
075d1521-eb80-4261-8de2-54758be7a869,1,1,1,1,1,1,1,1,0,1,1,0,0,1,4,1,1
00628e11-1cc5-4d9b-a62a-ca20aff84cdb,1,1,1,1,1,1,1,1,0,1,1,0,0,1,2,1,0
02380f13-a195-4732-919d-87618c5a8033,1,1,1,1,1,1,1,1,0,1,1,0,0,1,4,1,1
0c08acdd-7c16-4624-9cb7-af8c542f703f,1,1,1,1,1,1,1,1,0,1,1,0,0,1,2,1,1
11dc4320-dbd5-40cd-8e06-f0698daa7214,1,1,1,1,1,1,0,0,0,0,0,1,1,1,6,1,1
00a7bb2b-af34-43d6-95ad-e0654bb70b8c,1,1,1,1,1,1,1,1,0,1,1,1,0,1,3,1,1
022d0305-6312-4437-9b1d-00d1121f37f3,1,1,1,1,1,1,1,1,0,1,1,0,0,1,3,1,0
06113dd2-52d7-4488-a532-7df086f94b35,1,1,1,1,1,1,1,1,0,1,1,0,0,1,6,1,1
0615f19a-cc35-4e68-8a78-035d7eee8d23,1,1,1,1,1,1,1,1,0,1,1,0,0,1,4,1,1
07e058e0-da97-4ee8-bc8a-56616a93074c,1,1,1,1,1,1,1,1,0,1,1,1,1,1,3,1,0
09106df9-1800-474b-a994-b968bcccb2a8,1,1,1,1,1,1,1,1,0,1,1,1,0,1,5,1,1
0da15e3e-95df-4699-a652-62241c0f7a5a,1,1,1,1,1,1,1,1,0,1,1,0,0,1,3,1,0
0da8079d-1ee0-4d95-a0fd-6c3c094b5633,1,1,1,1,1,1,1,1,0,1,1,0,0,1,5,1,1
131f440b-b4c5-4e95-ab49-07f6c10ce01e,1,1,1,1,1,1,1,1,0,1,1,0,0,1,5,1,1
03399a01-83d6-40dc-b064-251b8cb5bed5,1,1,1,1,1,1,1,1,0,1,1,0,0,1,5,1,0
085f9c8c-1e36-4f87-a0bb-be1d0ac2cbad,1,1,1,1,1,1,1,1,0,1,1,0,0,1,5,1,0
15a68aff-dc23-49bb-ae85-1abf16a57c7d,1,1,1,1,1,1,1,1,0,1,1,0,0,1,5,1,0
1383c7e3-225d-4a75-8749-e375218d52f3,1,1,1,1,1,1,1,1,0,1,1,0,0,1,4,1,1
00274ec1-e5af-4985-80b9-da8720d018a1,1,1,1,1,1,1,1,1,0,1,1,0,0,1,6,1,0
041b507c-8400-49b5-9036-154cf68f290c,1,1,1,1,1,1,1,1,0,1,1,1,1,1,3,1,1
132e9521-50a1-48c2-984e-a248dd150d51,1,1,1,1,1,1,1,1,0,1,1,0,0,1,4,1,0
127bbca8-f9d5-4ef5-9b4c-942701a0bc28,1,1,1,1,1,1,1,1,0,1,1,0,0,1,2,1,1
02a57ebc-fc5e-486f-ad6b-039ef2871512,1,1,1,1,1,1,1,1,0,1,1,0,0,1,4,1,1
03768a11-9e6b-4ca5-96c6-5939d8fb7941,1,1,1,1,1,1,1,1,0,1,1,0,0,1,5,1,1
04e25afa-ff7d-41e4-a63d-4fcd5b00ebbb,1,1,1,1,1,1,1,1,0,1,1,0,0,1,5,1,1
12fbea68-33b1-402d-87ef-7798abd67b3b,1,1,1,1,1,1,1,1,0,1,1,0,0,1,5,1,1
05663b34-d223-4475-90fb-69745ea836b1,1,1,1,1,1,1,1,1,0,1,1,1,1,1,4,1,1
01dcca26-895a-49d3-865b-7cdcfd7c699f,1,1,1,1,1,1,1,1,0,1,1,0,0,1,4,1,1
026673c9-f0bc-42e6-9e18-4bcd0b53d147,1,1,1,1,1,1,1,1,0,1,1,0,0,1,4,1,1
06d78a9d-d6f7-4efd-b2cb-dce63f3bbf93,1,1,1,1,1,1,1,1,0,1,1,0,0,1,4,1,0
1054c85d-03d7-44be-a357-20180f23e2e8,1,1,1,1,1,1,1,1,0,1,1,1,1,1,3,1,1
158bd2a8-7c0e-4a24-a178-b7859716caff,1,1,1,1,1,1,1,1,0,1,1,1,1,1,3,1,1
01a5a7c7-cc44-45ef-ab3f-ad8c93e3c495,1,1,1,1,1,1,1,1,0,1,1,0,0,1,4,1,1
011b08ee-623e-432d-9403-884da3ffe802,1,1,1,1,1,1,1,1,0,1,1,0,0,1,5,1,1
07b92edd-1606-4563-a1cf-72e4701058fc,1,1,1,1,1,1,1,1,0,1,1,0,0,1,4,1,1
10f008eb-6b5f-43c8-a038-2a1e30e0888a,1,1,1,1,1,1,1,1,0,1,1,1,1,1,5,1,1
0825bc0c-1c5e-43e6-a7dd-2cd92fcf4187,1,1,1,1,1,1,1,1,0,1,1,0,0,1,4,1,0
020a0772-f1f4-4762-a1c5-bafc3455745d,1,1,1,1,1,1,1,1,0,1,1,0,0,1,4,1,1
0d2e1980-69d9-4434-bc86-8da56526a5b6,1,1,1,1,1,1,1,1,0,1,1,0,0,1,3,1,0
0ebb6fc8-ff30-4ae6-815d-0d17c7d9d6ee,1,1,1,1,1,1,1,1,0,1,1,0,0,1,5,1,1
0f42dd67-b2bb-4b38-bf5f-c3bdcea20908,1,1,1,1,1,1,1,1,0,1,1,1,1,1,5,1,1
15029313-46e8-4ed1-85b7-ce45fadb65e1,1,1,1,1,1,1,1,1,0,1,1,1,0,1,5,1,0
15ee287e-006b-4409-ab3f-160996e5a4f5,1,1,1,1,1,1,1,1,0,1,1,0,0,1,4,1,0
0d4852df-7f55-4e58-9d58-880cf3f6a5d7,1,1,1,1,1,1,1,1,0,1,1,0,0,1,2,1,0
074dab2d-30c7-4977-8c2b-5b1acf4730f8,1,1,1,1,1,1,1,1,0,1,1,0,0,1,4,1,1
12cbf1d3-f3c7-4dab-92b6-28186b49f227,1,1,1,1,1,1,1,1,0,1,1,0,0,1,4,1,0
148b8bcb-c09a-44a9-b843-0de988821fa2,1,1,1,1,1,1,1,1,0,1,1,0,0,1,5,1,1
1175cea5-cebb-4f92-8b31-8ac1ff7074d5,1,1,1,1,1,1,1,1,0,1,1,0,0,1,4,1,0
07b75eab-3192-4c58-a137-02f948b8a703,1,1,1,1,1,1,1,1,0,1,1,1,1,1,4,1,1
05088c2f-c028-4985-bca2-af199a4e4660,1,1,1,1,1,1,1,1,0,1,1,0,0,1,6,1,1
11f0cfdd-40fd-40a2-b352-363941b1b0ba,1,1,1,1,1,1,1,1,0,1,1,1,1,1,5,1,1
02feb236-f07f-48ee-9729-ac991a507155,1,1,1,1,1,1,1,1,0,1,1,0,0,1,4,1,0
06bfeaba-395d-4498-8afb-8287b837be0d,1,1,1,1,1,1,1,1,0,1,1,0,0,1,2,1,0
0ce11be5-274b-4360-b23d-5cf9503ff03a,1,1,1,1,1,1,1,1,0,1,1,0,0,1,5,1,1
122dae07-cbc2-4ef6-a49d-1f4ba0f421e0,1,1,1,1,1,1,1,1,0,1,1,0,0,1,4,1,1
138ea5ee-59f5-4318-ab85-d825078ae1fd,1,1,1,1,1,1,1,1,0,1,1,0,0,1,4,1,1
00fc30ce-4dd5-4b64-9815-9727dcf5fbfe,1,1,1,1,1,1,1,1,0,1,1,0,0,1,5,1,1
15d4855f-8752-449a-974b-86d4e9ee72a4,1,1,1,1,1,1,1,1,0,1,1,0,0,1,4,1,0
0a0f118c-eb72-4d6c-9dea-1afd95d8cbd1,1,1,1,1,1,1,1,1,0,1,1,1,1,1,5,1,1
0c793fc8-f306-43b4-a846-71473ab9ee9a,1,1,1,1,1,1,1,1,0,1,1,0,0,1,5,1,1
0eece690-660d-4409-96fa-dbbfd5fab3b3,1,1,1,1,1,1,1,1,0,1,1,0,0,1,4,1,1
10ae8572-95fb-444c-9dcf-9a453e7238bb,1,1,1,1,1,1,1,1,0,1,1,0,0,1,4,1,1
14b5201a-e1d7-45fc-b2ff-ea5bbf8ca46a,1,1,1,1,1,1,1,1,0,1,1,0,0,1,4,1,1
14c9ebee-e2a3-4769-b7b9-8feacc43c4e2,1,1,1,1,1,1,1,1,0,1,1,1,1,1,4,1,1
03c92681-76ba-4aa9-8070-445e18e2b80c,1,1,1,1,1,1,1,1,0,1,1,0,0,1,6,1,1
14cbda2f-c45a-40b9-a966-c913d921b8cd,1,1,1,1,1,1,1,1,0,1,1,0,0,1,6,1,1
1575d979-42e3-4922-b7a6-ed7eb3e75fb1,1,1,1,1,1,1,1,1,0,1,1,1,1,1,6,1,1
07820e42-d98d-4b54-ae72-7666bc5e478e,1,1,1,1,1,1,1,1,0,1,1,0,0,1,4,1,1
13883e90-3975-4361-874f-d733c30fc476,1,1,1,1,1,1,1,1,0,1,1,0,0,1,6,1,1
085f58c9-7d76-431c-b416-95d93740a9dd,1,1,1,1,1,1,1,1,0,1,0,1,1,1,6,1,0
0d2dba65-4ce0-48b3-baf8-014417cd0fcb,1,1,1,1,1,1,1,1,0,1,1,0,0,1,6,1,1
05c91eec-3257-446d-9723-d4554bffac92,1,1,1,1,1,1,1,1,0,1,1,0,0,1,5,1,1
095223fd-5d15-43e6-a333-363918464af7,1,1,1,1,1,1,1,1,0,1,1,0,0,1,6,1,0
0a800167-2fe4-4f83-9b57-896f4e548e75,1,1,1,1,1,1,1,1,0,1,1,1,1,1,4,1,0
0bbd9ca5-dd26-441c-95c5-7beec559d58b,1,1,1,1,1,1,1,1,0,1,1,0,0,1,5,1,1
09dd6d4f-5d11-49b8-b2ca-89fc07c4b10f,1,1,1,1,1,1,1,1,0,1,1,0,0,1,6,1,0
0b76ca6d-71b3-4d32-a6b5-ff853f5088f6,1,1,1,1,1,1,0,0,0,1,1,0,0,1,5,1,0
0fbb1308-f40b-4735-9a72-386bd2607016,1,1,1,1,1,1,1,1,0,1,1,0,0,1,6,1,0
022874c4-abc1-44cb-8102-be8a981b823b,1,1,1,1,1,1,1,1,0,1,1,0,0,1,4,1,1
0651e272-89cd-443d-9961-3feae083c370,1,1,1,1,1,1,1,1,0,1,1,0,0,1,4,1,1
00198038-acd0-4f54-bb52-d9153878474c,1,1,1,1,1,1,1,1,0,1,1,1,1,1,5,1,0
0444bfaf-8998-4fd7-98f3-fb811d3bab32,1,1,1,1,1,1,1,1,0,1,1,0,0,1,4,1,0
07795e3a-40cd-4c43-905f-7398ac4c63d5,1,1,1,1,1,1,1,1,0,1,1,0,0,1,4,1,0
088b21a1-9aac-439f-9f30-d457a1770e77,1,1,1,1,1,1,0,0,0,0,1,1,1,1,4,1,0
0c845bea-96fe-44c2-80a5-a752ce04902e,1,1,1,1,1,1,1,1,0,1,1,0,0,1,6,1,0
10616717-d43e-4646-b47a-ca8aacc0c67f,1,1,1,1,1,1,1,1,0,1,1,0,0,1,4,1,1
13e499a7-d3eb-4f7d-9209-12810c51e333,1,1,1,1,1,1,1,1,0,1,1,0,0,1,4,1,0
0d34f943-2260-45e4-8027-ec656d1abc07,1,1,1,1,1,1,1,1,0,1,1,0,0,1,5,1,1
124a794d-f987-4ff9-afc6-7a5beeec3663,1,1,1,1,1,1,1,1,0,1,1,0,0,1,5,1,1
12b34b5a-a1ee-4e45-8a3d-b55b34e3f8b5,1,1,1,1,1,1,1,1,0,1,1,1,1,1,4,1,1
0abb930f-98a3-4822-8b64-742481ffe65c,1,1,1,1,1,1,1,1,0,1,1,0,0,1,5,1,1
00ca21b7-9a6b-440f-abf8-a3bbdeced75a,1,1,1,1,1,1,1,1,0,1,1,0,0,1,4,1,1
08dde207-f28d-4523-9626-34a4e68736eb,1,1,1,1,1,1,1,1,0,1,1,0,0,1,6,1,1
15c1dc8c-1f43-4908-be91-59e9e22b426b,1,1,1,1,1,1,1,1,0,1,1,1,1,1,4,1,0
0c6a0257-e58e-4ff8-9b56-92418981c906,1,1,1,1,1,1,1,1,0,1,1,0,0,1,6,1,0
034ec8b5-e61e-416c-8184-8ee60278e0a0,1,1,1,1,1,1,1,1,0,1,1,0,0,1,4,1,0
05aab4ab-ed89-43f5-9ede-d341236726e0,1,1,1,1,1,1,1,1,0,1,1,0,0,1,3,1,1
05d2d0bb-6b71-44f2-a290-a3d1e56b0b18,1,1,1,1,1,1,1,1,0,1,1,0,0,1,5,1,0
08aa4aa8-e44c-4cf6-a5ff-605e559a6cee,1,1,1,1,1,1,1,1,0,1,1,1,1,1,4,1,1
156bf94a-3cd7-4808-8fc2-fbf904ef8a2b,1,1,1,1,1,1,1,1,0,1,1,1,1,1,3,1,0
0f6dd899-c642-4cb4-a3a2-13cf46452e3c,1,1,1,1,1,1,1,1,0,1,1,0,0,1,4,1,1
01385c91-b316-4276-a563-04efc05e4019,1,1,1,1,1,1,1,1,0,1,1,0,0,1,5,1,0
019dcc2e-d1fc-4f74-8337-baca5f097fd7,1,1,1,1,1,1,1,1,0,1,1,0,0,1,5,1,1
10f39e87-35a4-4442-9e65-957fdb08cea4,1,1,1,1,1,1,1,1,0,1,1,1,1,1,4,1,1
13681514-2342-416f-ab1b-e8e74f85474f,1,1,1,1,1,1,1,1,0,1,1,0,0,1,3,1,1
0d8a47cb-0632-4e89-bd5f-676b429d637c,1,1,1,1,1,1,1,1,0,1,1,0,0,1,4,1,1
03ca4b62-4be3-4c98-adae-cd0ee5530ff6,1,1,1,1,1,1,1,1,0,1,1,0,0,1,3,1,1
04f04540-32b0-418e-a7bd-a2195d69d7e8,1,1,1,1,1,1,1,1,0,1,1,0,0,1,5,1,1
0678bfb5-b237-4f8e-a48f-bac3d5ac7bae,1,1,1,1,1,1,1,1,0,1,1,0,0,1,3,1,1
092b183b-487e-4b80-9668-c9d549c46fcc,1,1,1,1,1,1,1,1,0,1,1,0,0,1,5,1,1
021d6928-13f2-4bfd-8e28-d793082cf0eb,1,1,1,1,1,1,1,1,0,1,1,0,0,1,3,1,1
05fda273-8134-4591-bdb9-aea49973d3b2,1,1,1,1,1,1,1,1,0,1,1,0,0,1,3,1,0
0b717940-d325-4c06-8a5a-14b931544e4c,1,1,1,1,1,1,1,1,0,1,1,0,0,1,5,1,1
10c41b3d-d451-48f8-9797-333a8b85c2f8,1,1,1,1,1,1,1,1,0,1,1,1,1,1,3,1,0
0d9af22b-4bd3-4d83-8f67-c181f375aeb1,1,1,1,1,1,1,1,1,0,1,1,0,0,1,3,1,1
0e7d2c6b-49a3-4bf2-8eee-8274517eb8fa,1,1,1,1,1,1,1,1,0,1,1,0,0,1,5,1,1
0ec18b0c-c222-4bef-880b-7ef1de772743,1,1,1,1,1,1,1,1,0,1,1,0,0,1,5,1,1
099a2dd9-e13e-4268-90d9-6fad19f4913f,1,1,1,1,1,1,1,1,0,1,1,0,0,1,3,1,1
0c9aacc1-ddaf-4500-a905-f5d87ff1df97,1,1,1,1,1,1,1,1,0,1,1,0,0,1,5,1,1
0ca0a45e-2270-4d2f-b045-8623a19ce049,1,1,1,1,1,1,1,1,0,1,1,0,0,1,5,1,1
0f348fc5-72ca-4d05-bf1c-a23026dd9e0a,1,1,1,1,1,1,1,1,0,1,1,1,1,1,4,1,1
13297ca6-26cd-45f9-b8c8-571ca7aa5739,1,1,1,1,1,1,1,1,0,1,1,0,0,1,4,1,1
14b2a53e-6205-4bb0-a0f4-7b54aa80c63e,1,1,1,1,1,1,1,1,0,1,1,1,1,1,5,1,1
0269ea1a-0955-4fef-a719-7a0cfc0dbab5,1,1,1,1,1,1,1,1,0,1,1,0,0,1,3,1,1
0c7341ad-8599-4424-bd1f-e07bde6d0d50,1,1,1,1,1,1,1,1,0,1,1,0,0,1,5,1,0
13bf7cde-e0bb-40e3-bf86-dbc2647d4c28,1,1,1,1,1,1,1,1,0,1,1,1,1,1,3,1,1
139ba34c-0f5d-4d58-8f31-975f637b4923,1,1,1,1,1,1,1,1,0,1,1,0,0,1,5,1,0
0a18f00f-1604-45cd-815e-fee6ed26daa3,1,1,1,1,1,1,1,1,0,1,1,1,1,1,5,1,1
02ce10dc-7663-46b0-8b0b-ae85d10352af,1,1,1,1,1,1,1,1,0,1,1,0,0,1,3,1,1
09aad3fe-8fe2-417a-9f54-0b28f6efc82d,1,1,1,1,1,1,1,1,0,1,1,0,0,1,4,1,1
0be336b5-b8fe-4734-a50b-5380c462ef61,1,1,1,1,1,1,1,1,0,1,1,1,1,1,4,1,1
15b88e1f-3fe8-4862-8165-5107d65d5d68,1,1,1,1,1,1,1,1,0,1,1,0,0,1,4,1,0
01bcdaec-3594-4a87-b677-2b750496d0f0,1,1,1,1,1,1,1,1,0,1,1,0,0,1,3,1,1
02f8d214-e510-4080-9030-45a14e6948a6,1,1,1,1,1,1,1,1,0,1,1,0,0,1,4,1,1
0b064972-39fb-4c5c-8ef1-40a11af05582,1,1,1,1,1,1,1,1,0,1,1,0,0,1,3,1,1
0fb44021-4a81-4df9-a8e4-dea6c593637e,1,1,1,1,1,1,1,1,0,1,1,0,0,1,4,1,1
0a6ab64d-8498-449c-8cfc-6b41a3fc34f4,1,1,1,1,1,1,1,1,0,1,1,0,0,1,5,1,1
0cb9380f-b9cc-4ab9-8475-09186f3c6b76,1,1,1,1,1,1,1,1,0,1,1,0,0,1,4,1,0
0121a3ac-091e-44db-aed9-457d3e9426ec,1,1,1,1,1,1,1,1,0,1,1,0,0,1,5,1,1
062d53a3-6c4d-4c35-aacb-f0bab249c0a2,1,1,1,1,1,1,1,1,0,1,1,0,0,1,4,1,0
085d064c-e4d8-4c3b-9bff-46ba33d51ad1,1,1,1,1,1,1,1,1,0,1,1,0,0,1,4,1,1
149f4ff2-29f7-4661-be32-1c270b880c1d,1,1,1,1,1,1,1,1,0,1,1,0,0,1,4,1,0
162b50e8-2e71-44f5-b525-c5b60de8174a,1,1,1,1,1,1,1,1,0,1,1,0,0,1,5,1,0
02d5a8b4-a182-4a8f-9105-5bee312de339,1,1,1,1,1,1,1,1,0,1,1,0,0,1,5,1,0
04c7209c-c858-42e7-a0fe-55f7d6c3e042,1,1,1,1,1,1,1,1,0,1,1,1,1,1,5,1,0
0a8edab6-84bb-41d4-8965-d5eeffd2d5bb,1,1,1,1,1,1,0,0,0,1,1,1,1,1,4,1,1
0e4f9355-ec1f-4149-85a5-ff8709b5c5db,1,1,1,1,1,1,1,1,0,1,1,0,0,1,4,1,1
0ee0b07a-036b-40c4-90ca-875c14950e3c,1,1,1,1,1,1,1,1,0,1,1,0,0,1,6,1,1
091b20c6-7b4c-4c6d-bc84-8afa951a69c8,1,1,1,1,1,1,1,1,0,1,1,0,0,1,5,1,1
1238c794-991a-400a-ab59-1e1f3c000c78,1,1,1,1,1,1,1,1,0,1,1,0,0,1,4,1,1
0a71e2a3-4077-44f6-a4d4-b143508f4e6d,1,1,1,1,1,1,1,1,0,1,1,0,0,1,6,1,1
0fe5c01f-e1bb-4bc4-aab4-f772d151e045,1,1,1,1,1,1,1,1,0,1,1,1,1,1,6,1,0
107e19d3-58a2-4246-8312-3fdb37ee69a6,1,1,1,1,1,1,1,1,0,1,1,0,0,1,4,1,0
15b00638-ce34-4a83-a900-0f7a847e424e,1,1,1,1,1,1,1,1,0,1,0,1,1,1,4,1,1
06dde1d4-cb34-4214-a6af-7ece598fc07f,1,1,1,1,1,1,1,1,0,1,1,0,0,1,3,1,1
0aa5ce7c-1c5f-4d85-bd8c-92323f17a39e,1,1,1,1,1,1,1,1,0,1,1,0,0,1,2,1,1
06776040-95c6-4952-ade3-804e65beee2e,1,1,1,1,1,1,1,1,0,1,1,0,0,1,4,1,1
079a288d-522a-4470-9cb9-02f114c2fba8,1,1,1,1,1,1,1,1,0,1,1,0,0,1,3,1,1
161ac98a-2084-4400-a2c7-33168622ff89,1,1,1,1,1,1,1,1,0,1,1,0,0,1,3,1,1
095a994b-d1d0-423b-a074-3639abdc25bb,1,1,1,1,1,1,1,1,0,1,1,0,0,1,3,1,0
007f3900-7ac1-4777-b278-b39949ffb5f3,1,1,1,1,1,1,1,1,0,1,1,0,0,1,3,1,0
02896c20-82ba-420a-8280-f827287422a4,1,1,1,1,1,1,1,1,0,1,1,0,0,1,4,1,1
08929893-1172-415e-bd8d-64231e401edb,1,1,1,1,1,1,1,1,0,1,1,1,1,1,4,1,1
0c967b61-0ac3-473d-ae27-7dd15d8189db,1,1,1,1,1,1,1,1,0,1,1,1,1,1,3,1,1
0dd3416f-7466-4421-860c-ddb588fa2a30,1,1,1,1,1,1,1,1,0,1,1,0,0,1,3,1,1
117e043d-bb00-4492-b92b-24a0ba71d039,1,1,1,1,1,1,1,1,0,1,1,0,0,1,4,1,1
12de1912-ffe8-4eab-88d7-ab2005c87c33,1,1,1,1,1,1,1,1,0,1,1,0,0,1,5,1,1
136fd84c-5b36-43ab-a1f7-ec4f5b2b56ea,1,1,1,1,1,1,1,1,0,1,1,0,0,1,5,1,1
13c52d99-5fd5-4b52-8aea-df1acc5d8809,1,1,1,1,1,1,1,1,0,1,1,0,0,1,3,1,0
14278d0a-0f45-453a-8057-3211749e5393,1,1,1,1,1,1,1,1,0,1,1,1,1,1,3,1,1
15044a2a-a977-4db1-b220-35cad18cf4b0,1,1,1,1,1,1,1,1,0,1,1,0,0,1,5,1,1
00286278-5563-48b9-bc23-55dc7a39bd3b,1,1,1,1,1,1,1,1,0,1,1,0,0,1,3,1,1
135bae88-aa5f-4b13-8ce4-6202a8a5be00,1,1,1,1,1,1,1,1,0,1,1,0,0,1,3,1,1
0e68428d-6660-4629-9bba-90612666e0f2,1,1,1,1,1,1,1,1,0,1,1,0,0,1,6,1,1
142023a9-0bad-40d8-bed8-4311fa38b65d,1,1,1,1,1,1,1,1,0,1,1,0,0,1,5,1,0
0c8f0317-8439-469a-8e98-b45fbb69d937,1,1,1,1,1,1,1,1,0,1,1,0,0,1,4,1,1
13583a3d-e087-4aed-bf4f-77e32cf80de5,1,1,1,1,1,1,1,1,0,1,1,0,0,1,4,1,1
14f71b1d-0476-4a0a-ae8e-6f81f4180754,1,1,1,1,1,1,1,1,0,1,1,1,1,1,4,1,1
01cd09e9-277e-476c-8d89-c2b0e24afe92,1,1,1,1,1,1,1,1,0,1,1,0,0,1,3,1,1
04819c9f-b61b-4adc-a3c6-cf8903ad9388,1,1,1,1,1,1,1,1,0,1,1,0,0,1,4,1,1
094c2709-4a9b-423c-a6da-13a7fe752eef,1,1,1,1,1,1,1,1,0,1,1,0,0,1,4,1,0
0edc2d0d-a979-41e6-91b5-151bbaf9d3a4,1,1,1,1,1,1,1,1,0,1,1,0,0,1,4,1,1
11199dbf-9a30-418d-a0db-89552ae40510,1,1,1,1,1,1,1,1,0,1,1,0,0,1,5,1,1
09f3c58e-d2ee-4766-ad51-69ebe0d66332,1,1,1,1,1,1,1,1,0,1,1,0,0,1,5,1,1
08aaca20-76cf-4c17-84fc-61fb690dafd9,1,1,1,1,1,1,1,1,0,1,1,0,0,1,6,1,1
0c4b8ca8-7a02-4ddc-b724-1c428db7c8a4,1,1,1,1,1,1,1,1,0,1,1,1,1,1,2,1,1
0c6e77a9-5514-44d5-a3a4-453ad0facf8f,1,1,1,1,1,1,1,1,0,1,1,0,0,1,5,1,1
0d537eb0-6052-457a-a350-4fcaf95162b2,1,1,1,1,1,1,1,1,0,1,1,0,0,1,3,1,0
146e7918-2658-4d28-97d5-24f6beb5d4ac,1,1,1,1,1,1,1,1,0,1,1,0,0,1,4,1,0
0420f8f7-e624-4582-8f8e-7e09da7e51e1,1,1,1,1,1,1,1,1,0,1,1,0,0,1,3,1,1
11afbcd2-a6b5-4e78-9ba1-0dc0ec7e531c,1,1,1,1,1,1,1,1,0,1,1,0,0,1,4,1,1
08eced6b-c942-4e8b-a8f4-234122bcad60,1,1,1,1,1,1,1,1,0,1,1,0,0,1,4,1,1
160ca3f8-9b2b-4a07-8bac-0cc70766edba,1,1,1,1,1,1,1,1,0,1,1,0,0,1,4,1,1
0b31240e-2972-44fa-8586-7ac17e1738fb,1,1,1,1,1,1,1,1,0,1,1,1,1,1,4,1,1
12df8bca-35ac-4de6-ad1f-1db7aae2c486,1,1,1,1,1,1,1,1,0,1,1,0,0,1,3,1,1
033c9c6d-2712-4db1-b46d-31b4217d8a31,1,1,1,1,1,1,1,1,0,1,1,0,0,1,5,1,0
0c6d654c-bc65-4522-841b-a60074c4eda3,1,1,1,1,1,1,1,1,0,1,1,1,1,1,4,1,1
0822de2b-da7c-4ba2-9052-24dbe4346669,1,1,1,1,1,1,1,1,0,1,1,0,0,1,5,1,0
06dd91e5-c825-443b-8488-8e10ab245827,1,1,1,1,1,1,1,1,0,1,1,0,0,1,5,1,0
028cc2c2-b0b7-400b-b385-f3d4bd8cc50a,1,1,1,1,1,1,1,1,0,1,1,0,0,1,4,1,0
12c31139-ab24-43f5-a9da-f1f0ec4159a4,1,1,1,1,1,1,1,1,0,1,1,0,0,1,3,1,0
0876a021-ce1d-44d8-a469-f1ae531c90f5,1,1,1,1,1,1,1,1,0,1,1,0,0,1,5,1,1
02c3fe4d-2584-4786-ab70-1def6f5debe4,1,1,1,1,1,1,1,1,0,1,1,0,0,1,2,1,0
04874550-0ee0-4413-bc8e-b2e628aafcad,1,1,1,1,1,1,1,1,0,1,1,0,0,1,4,1,0
08cd860d-0dce-42e1-b72a-9d1941263f07,1,1,1,1,1,1,1,1,0,1,1,0,0,1,4,1,1
12f9e01f-cf86-4105-8973-3a2ad2139cf9,1,1,1,1,1,1,1,1,0,1,1,0,0,1,5,1,1
11ab5776-4549-41eb-8334-35531c78e65e,1,1,1,1,1,1,1,1,0,1,1,0,0,1,4,1,1
064a698d-cbb7-4c2d-a843-51c18564b211,1,1,1,1,1,1,1,1,0,1,1,0,0,1,4,1,0
08f23395-10eb-47cc-82f2-690490185011,1,1,1,1,1,1,1,1,0,1,1,0,0,1,3,1,0
0a316326-a176-4be9-b01c-2ba7760c2b1b,1,1,1,1,1,1,1,1,0,1,1,1,1,1,5,1,1
13719700-f9bd-403c-8032-00aa8e7d99e4,1,1,1,1,1,1,1,1,0,1,1,0,0,1,4,1,0
01ff26e9-af37-423d-8aa4-83d943736428,1,1,1,1,1,1,1,1,0,1,1,0,0,1,4,1,1
006cc77e-bc3d-48f2-a4b5-777e48e00640,1,1,1,1,1,1,1,1,0,1,1,0,0,1,2,1,1
10f1e6c6-b076-4f1d-97a2-f73a206ae617,1,1,1,1,1,1,1,1,0,1,1,0,0,1,4,1,1
098946d6-0d6f-4ce2-a6be-28482defae87,1,1,1,1,1,1,1,1,0,1,1,0,0,1,3,1,0
0113bfb1-34ba-42d3-bda6-4a7fdcced0eb,1,1,1,1,1,1,1,1,0,1,1,1,1,1,5,1,1
0d3b2d3c-a54e-45d2-88e6-47f905f38fb7,1,1,1,1,1,1,1,1,0,1,1,0,0,1,4,1,0
138c159a-9572-4261-91d8-aa5e7163da47,1,1,1,1,1,1,1,1,0,1,1,0,0,1,4,1,1
0a7487bb-1d30-4c91-8f6d-e550581fe971,1,1,1,1,1,1,1,1,0,1,1,0,0,1,3,1,1
11e9effb-97ac-4aef-b93b-03d1a046cbee,1,1,1,1,1,1,1,1,0,1,1,0,0,1,3,1,0
062d98da-c779-4f81-9050-46e7219ee1ce,1,1,1,1,1,1,1,1,0,1,1,1,1,1,3,1,1
1420f0ed-a396-4d90-8688-35a3944c766d,1,1,1,1,1,1,1,1,0,1,1,1,1,1,3,1,1
134b143f-8087-4733-bfd2-ce3719c0303d,1,1,1,1,1,1,1,1,0,1,1,1,1,1,5,1,1
0bdf6707-ba50-4cfc-a163-ee8e31b1b67d,1,1,1,1,1,1,1,1,0,1,1,1,1,1,4,1,1
11df6afd-8e32-40bb-be5c-723d5a8e1aa2,1,1,1,1,1,1,1,1,0,1,1,0,0,1,3,1,1
0c002dd9-7750-40fc-b7fd-544a983f4f4b,1,1,1,1,1,1,1,1,0,1,1,0,0,1,4,1,0
03b85f37-eaf7-4f19-8df0-bb554e92e7d1,1,1,1,1,1,1,1,1,0,1,1,0,0,1,2,1,1
11d55de3-ff35-4df9-949c-8415a637659c,1,1,1,1,1,1,1,1,0,1,1,0,0,1,2,1,1
13036922-8566-47d3-8777-af35d4c552e5,1,1,1,1,1,1,1,1,0,1,1,0,0,1,3,1,1
14a1c270-73f5-492f-b62b-aa7b0d293598,1,1,1,1,1,1,1,1,0,1,1,1,1,1,2,1,1
0e654dac-f7ab-4ca7-8eb6-2dd7aa3d28a4,1,1,1,1,1,1,1,1,0,1,1,0,0,1,4,1,0
1470aabe-2784-4aeb-b92b-a4df36d2b90a,1,1,1,1,1,1,1,1,0,0,0,1,1,1,4,1,1
0bb4a8e7-7a6c-4172-95e0-a22b68c01a80,1,1,1,1,1,1,1,1,0,1,1,1,1,1,5,1,0
05f3a741-bca9-48f7-addb-06128d93b65a,1,1,1,1,1,1,1,1,0,1,1,0,0,1,4,1,1
11986aa6-01e8-463a-a040-d16699667e5f,1,1,1,1,1,1,1,1,0,1,1,1,1,1,6,1,0
0bf086f0-48be-42fa-b25f-42fa8689b970,1,1,1,1,1,1,1,1,0,1,1,1,1,1,4,1,0
0dc60cc7-f5ed-45e0-8b1f-bac25f55acec,1,1,1,1,1,1,1,1,0,0,0,1,1,1,5,1,0
1254269e-5397-406e-8d1a-7203ddfd9150,1,1,1,1,1,1,1,1,0,1,1,0,0,1,3,1,0
00cb02c9-13ab-4ba3-97ff-5bef79ea9b3c,1,1,1,1,1,1,1,1,0,1,1,0,0,1,4,1,0
15e31413-0265-459a-909b-8c8467b6d406,1,1,1,1,1,1,1,1,0,1,1,0,0,1,3,1,1
045cc581-0264-446d-9167-745c6e0a6feb,1,1,1,1,1,1,1,1,0,1,1,0,0,1,3,1,1
0a797f93-c573-4574-8e09-7836a4602241,1,1,1,1,1,1,1,1,0,1,1,0,0,1,4,1,0
139cabff-cbec-46d9-ae99-8f428d2339b5,1,1,1,1,1,1,1,1,0,1,1,0,0,1,2,1,1
09d7f96b-069a-4c90-85c8-07f84adef0f5,1,1,1,1,1,1,1,1,0,1,1,0,0,1,4,1,0
0892577b-78e8-4cee-8435-838e2636687e,1,1,1,1,1,1,1,1,0,1,1,0,0,1,4,1,1
0019d1ed-e8a9-45ae-ba0c-4169994f502f,1,1,1,1,1,1,1,1,0,1,1,1,1,1,5,1,0
136365e0-f4e0-4cdf-b8ff-cee4e3e4bc89,1,1,1,1,1,1,1,1,0,1,1,0,0,1,4,1,0
14c9877c-206d-4feb-bd7a-f789d87b90f9,1,1,1,1,1,1,1,1,0,1,1,0,0,1,2,1,0
14fb3e54-3447-439c-adbc-d53096e7bcc7,1,1,1,1,1,1,1,1,0,1,1,0,0,1,5,1,0
1611c6a8-08f6-4fd3-bf16-1e24cc7d88e5,1,1,1,1,1,1,1,1,0,1,1,0,0,1,4,1,0
16181ab5-3464-4c69-89d7-e2afad249b78,1,1,1,1,1,1,1,1,0,1,1,0,0,1,4,1,0
13c91834-c6a3-4824-852b-16d157083318,1,1,1,1,1,1,1,1,0,1,1,0,0,1,3,1,1
12e8b1bf-c3ee-4f70-af81-af9541651816,1,1,1,1,1,1,1,1,0,1,1,0,0,1,4,1,0
0069f4ca-2d70-49d0-8de1-c635cf0123cd,1,1,1,1,1,1,1,1,0,1,1,1,1,1,5,1,1
0f4deccb-0bed-49dc-8c37-f8112436607f,1,1,1,1,1,1,1,1,0,1,1,0,0,1,2,1,1
0fbbed6f-69c6-43b0-97fb-af96ff587f70,1,1,1,1,1,1,1,1,0,1,1,1,1,1,4,1,1
0b35323e-f07e-4589-a749-cd8058927096,1,1,1,1,1,1,1,1,0,1,1,0,0,1,6,1,1
0bb5215f-0ee2-4111-8fa9-388a5376c925,1,1,1,1,1,1,1,1,0,1,1,0,0,1,3,1,1
131739df-6b3f-47d7-ba9c-e4358549cc07,1,1,1,1,1,1,1,1,0,1,1,0,0,1,5,1,0
014ce1e9-9cdb-41ad-97d3-705645d2ee32,1,1,1,1,1,1,1,1,0,1,1,1,1,1,5,1,0
07ada56e-fb77-4341-8e04-04f0c9c66837,1,1,1,1,1,1,1,1,0,1,1,0,0,1,4,1,1
06fbf0cd-ae6a-4267-b117-dcf426a68cb9,1,1,1,1,1,1,1,1,0,1,1,0,0,1,4,1,0
0f251f5e-5ce7-4906-999c-6b7edf07568d,1,1,1,1,1,1,1,1,0,1,1,0,0,1,4,1,1
0053f7b9-8a5f-455c-94f1-048575e44ea6,1,1,1,1,1,1,1,1,0,1,1,0,0,1,3,1,1
0203fc98-946e-4109-8511-c7ef9854e707,1,1,1,1,1,1,1,1,0,1,1,0,0,1,4,1,1
0820da0c-d628-4b1d-8b2a-00e2f67a2a9a,1,1,1,1,1,1,1,1,0,1,1,0,0,1,4,1,1
0c37d589-be07-4aba-b67d-a6eb83b0ec91,1,1,1,1,1,1,1,1,0,1,1,1,1,1,5,1,1
133d8ac8-aba8-48e4-84c0-8f95c4b53e21,1,1,1,1,1,1,1,1,0,1,1,0,0,1,5,1,1
15f9b576-c626-4c27-b985-29352829dd48,1,1,1,1,1,1,1,1,0,1,1,0,0,1,4,1,1
0290c278-f76c-4f9d-94a6-46e710cc3d69,1,1,1,1,1,1,1,1,0,1,1,0,0,1,5,1,0
032fd04a-8034-4359-bc10-80d2c65d3b96,1,1,1,1,1,1,1,1,0,1,1,0,0,1,3,1,0
04f629dc-1918-4fb4-a0a9-1bcae07255c3,1,1,1,1,1,1,1,1,0,1,1,0,0,1,2,1,1
05b3c2f6-fdfe-4de6-affd-a061059678a9,1,1,1,1,1,1,1,1,0,1,1,0,0,1,4,1,1
085501b1-138a-4324-9e1f-553e2b1022f1,1,1,1,1,1,1,1,1,0,1,1,0,0,1,5,1,1
09689867-7db2-46c7-ad11-77ee9dd8e702,1,1,1,1,1,1,1,1,0,1,1,0,0,1,3,1,1
01d910f3-d165-4d25-b7a5-15f3c7bdc824,1,1,1,1,1,1,1,1,0,1,1,0,0,1,4,1,0
1146e393-cb5c-4e90-a7d2-0d14936329b8,1,1,1,1,1,1,1,1,0,1,1,0,0,1,5,1,1
1175b4c0-ae63-41b8-b0f3-d4084f8888fa,1,1,1,1,1,1,1,1,0,1,1,0,0,1,3,1,0
0089429c-780d-4a04-a1fe-a66aceba24ae,1,1,1,1,1,1,1,1,0,1,1,0,0,1,5,1,0
0531a21b-6712-4a05-9fe3-a8cff0181328,1,1,1,1,1,1,1,1,0,1,1,0,0,1,6,1,1
1028d05c-63d6-43b0-9941-71b200cd38ec,1,1,1,1,1,1,1,1,0,1,1,0,0,1,4,1,0
0b0c53db-2aec-482b-8782-8e78dbe16c26,1,1,1,1,1,1,1,1,0,1,1,0,0,1,5,1,1
0cabc8b7-3c56-4242-85a5-c7eefe377bac,1,1,1,1,1,1,1,1,0,1,1,1,1,1,3,1,1
08985cf0-b173-491f-9b6b-6c8d758cab41,1,1,1,1,1,1,1,1,0,1,1,0,0,1,4,1,1
0959e8a3-a3b9-4374-8823-a47985edd9a6,1,1,1,1,1,1,0,0,0,1,1,1,1,1,4,1,1
0acfed64-4703-45fb-bd52-207f179724b6,1,1,1,1,1,1,1,1,0,1,1,0,0,1,4,1,1
0fdc7e76-ee5e-4b6c-9aa6-335b43abe341,1,1,1,1,1,1,1,1,0,1,1,0,0,1,3,1,1
00318263-a2a1-46e1-9727-2aa28acb598c,1,1,1,1,1,1,1,1,0,1,1,1,1,1,5,1,1
07ceb834-f0f2-435a-8df8-51679e33ac1f,1,1,1,1,1,1,1,1,0,1,1,1,1,1,5,1,0
0d1a117a-88b2-4b65-afd6-a6e639dab339,1,1,1,1,1,1,1,1,0,1,1,0,0,1,2,1,0
0f39b0fb-e093-4ee2-8b55-1db91cd1c810,1,1,1,1,1,1,1,1,0,1,1,0,0,1,3,1,1
05eda20e-0ca5-4298-b6b5-d70fdcb37b29,1,1,1,1,1,1,1,1,0,1,1,1,1,1,4,1,0
0a92d1c6-7491-440b-b788-226a112254bf,1,1,1,1,1,1,1,1,0,1,1,0,0,1,4,1,0
0cb05c23-bc80-4b10-a185-a01547c3b61e,1,1,1,1,1,1,1,1,0,1,1,1,1,1,4,1,1
13fb39c1-c745-4ca8-b348-7c09b5088937,1,1,1,1,1,1,1,1,0,1,1,0,0,1,4,1,1
00060fff-9d6c-4134-8be3-8203c573320d,1,1,1,1,1,1,1,1,0,1,1,0,0,1,4,1,1
03048e30-3a19-4d47-b9b7-f1a5bb6bc586,1,1,1,1,1,1,1,1,0,1,1,0,0,1,6,1,1
06bead2b-19ae-4e96-8600-27de059c7ae7,1,1,1,1,1,1,1,1,0,1,1,0,0,1,4,1,0
0a16b779-26c0-4d52-9bad-3dde358ea33b,1,1,1,1,1,1,1,1,0,1,1,1,1,1,3,1,1
12f2f2d2-2cbc-4612-acbf-e62163cf7fd2,1,1,1,1,1,1,1,1,0,1,1,0,0,1,4,1,0
02d564a1-aaa2-448c-910f-1eb5f07f8d01,1,1,1,1,1,1,1,1,0,1,1,0,0,1,5,1,0
05a05015-622d-412b-b265-1b41f7b29266,1,1,1,1,1,1,1,1,0,1,1,0,0,1,3,1,1
0f36fe1e-fce5-426e-8dfd-896e93f5756a,1,1,1,1,1,1,1,1,0,1,1,0,0,1,4,1,0
1562c3bd-1b56-4d43-a2be-add1988e5fd1,1,1,1,1,1,1,1,1,0,1,1,0,0,1,5,1,0
019faa5d-ace3-4e48-9b3b-c8deae28f0d4,1,1,1,1,1,1,1,1,0,1,1,1,1,1,5,1,0
0952c82b-be6f-473d-b556-93040f8e1bb6,1,1,1,1,1,1,1,1,0,1,1,0,0,1,6,1,0
1491da10-c611-41f8-b528-d76ded9bdc5a,1,1,1,1,1,1,1,1,0,1,1,0,0,1,5,1,1
15f53199-825d-4510-a91a-4cb728591801,1,1,1,1,1,1,1,1,0,1,1,0,0,1,5,1,1
0095df01-a7c3-4cde-a479-be0241c2851f,1,1,1,1,1,1,1,1,0,1,1,0,0,1,5,1,0
0581beed-354f-4df1-9621-0280f6bef323,1,1,1,1,1,1,1,1,0,1,1,0,0,1,5,1,1
05f76a8c-6513-475f-9fb6-120be0067cd5,1,1,1,1,1,1,1,1,0,1,1,0,0,1,4,1,0
062f8c77-e3f6-4e49-978c-00900df4273e,1,1,1,1,1,1,1,1,0,1,1,0,0,1,5,1,0
0fa5eda4-3645-4102-99c7-6a795386dc40,1,1,1,1,1,1,1,1,0,1,1,0,0,1,3,1,0
02e9f8bf-cd56-4538-b6d0-77a3f66f82cc,1,1,1,1,1,1,1,1,0,1,1,0,0,1,4,1,1
11824a4b-e59c-4989-837b-a9e36f3321f5,1,1,1,1,1,1,1,1,0,1,1,0,0,1,5,1,1
0833b3af-e999-4ff7-8cfd-a5a8012fe900,1,1,1,1,1,1,1,1,0,1,1,1,1,1,4,1,1
0070895f-5a5b-41df-91ba-4ccf4cc239c0,1,1,1,1,1,1,1,1,0,1,1,0,0,1,3,1,1
0148170e-66f1-45b0-9597-ae1ec0f6cb2e,1,1,1,1,1,1,1,1,0,1,1,1,1,1,5,1,1
08e92aca-4b16-47f6-a863-4bd2079b91d6,1,1,1,1,1,1,1,1,0,1,1,0,0,1,3,1,0
0d0abcfd-fd02-4aac-8bed-12b344dc7817,1,1,1,1,1,1,1,1,0,1,1,0,0,1,5,1,0
10c4d3a6-b3ed-44a8-9513-77dffd36ade5,1,1,1,1,1,1,1,1,0,1,1,0,0,1,3,1,1
1545fa6e-1741-4ad8-b3a5-d64c93577154,1,1,1,1,1,1,1,1,0,1,1,0,0,1,3,1,1
01b5ae78-61b2-45f4-851e-6dcf99587d44,1,1,1,1,1,1,1,1,0,1,1,0,0,1,2,1,0
0a7f65f8-2b18-40de-8644-bbb2cc33c038,1,1,1,1,1,1,1,1,0,1,1,0,0,1,5,1,0
0cc8e9d3-6979-4272-81c9-07d99cf07ca1,1,1,1,1,1,1,1,1,0,1,1,0,0,1,4,1,0
0da7b02e-dc01-4226-9c87-b3af7fcf7790,1,1,1,1,1,1,1,1,0,1,1,1,1,1,4,1,0
0af08c87-95d8-4bbe-a0bc-ecf5a5d168b2,1,1,1,1,1,1,1,1,0,1,1,1,1,1,5,1,1
123e397c-f48e-44c6-b933-eaec0d2fd62e,1,1,1,1,1,1,1,1,0,1,1,1,1,1,3,1,1
160cb423-ebdb-4024-bdae-e33f9a15da9c,1,1,1,1,1,1,1,1,0,1,1,1,1,1,5,1,0
0f998809-2cc9-40f2-bf7a-ab46b0a4504c,1,1,1,1,1,1,1,0,0,1,1,1,1,1,4,1,0
15613c4e-d81c-427d-9f55-5fb12a533015,1,1,1,1,1,1,1,1,0,1,1,0,0,1,3,1,1
0fda5a40-6e07-4caf-9088-25b3e5b2613c,1,1,1,1,1,1,1,1,0,1,1,0,0,1,2,1,1
075291bb-2cd3-420e-8b97-2772d6aa96fb,1,1,1,1,1,1,1,1,0,1,1,0,0,1,3,1,0
072933d0-cce5-4ec6-88df-dde6e55ad1c4,1,1,1,1,1,1,1,1,0,1,1,0,0,1,5,1,1
121a134b-5340-40e4-aa58-84a58e3f9bb5,1,1,1,1,1,1,1,1,0,1,1,1,1,1,4,1,0
04c266e7-44e8-4efc-ba16-546b0f11789b,1,1,1,1,1,1,1,1,0,1,1,1,1,1,4,1,0
05c144d8-3d79-4142-848f-1cc1e38d8d93,1,1,1,1,1,1,1,1,0,1,1,1,1,1,3,1,0
08c2f509-603b-4850-a847-c4d6a8010d2f,1,1,1,1,1,1,1,1,0,1,1,0,0,1,4,1,0
125cbae1-ddd1-4a4d-b3dc-fe9d90b1ba6a,1,1,1,1,1,1,1,1,0,1,1,0,0,1,3,1,0
004f0f14-4985-49ae-879a-4817d90d782d,1,1,1,1,1,1,1,1,0,1,1,1,1,1,5,1,0
07c5a687-f0a5-43f0-aa8d-8d9644f88e57,1,1,1,1,1,1,1,1,0,1,1,0,0,1,3,1,0
0fec2f07-5742-489d-86a8-3a7c17e496b9,1,1,1,1,1,1,1,1,0,1,1,0,0,1,4,1,1
1086c79f-54e2-4462-aa93-5565d9f20cc6,1,1,1,1,1,1,1,1,0,1,1,0,0,1,4,1,0
079cc65d-9472-47cc-b282-938251fdcf60,1,1,1,1,1,1,1,1,0,1,1,0,0,1,4,1,1
020df683-fe3e-48b5-9350-5e43132a6d65,1,1,1,1,1,1,1,1,0,1,1,0,0,1,3,1,0
1174d6e1-52a3-4cd4-89f3-f4b1bc784eec,1,1,1,1,1,1,1,1,0,1,1,0,0,1,4,1,0
0885eab3-a2db-45f3-8be6-d9b096eeee21,1,1,1,1,1,1,1,1,0,1,1,0,0,1,5,1,0
0e52ab8c-c53a-4e16-9f01-2aa1d7d8cd59,1,1,1,1,1,1,1,1,0,1,1,0,0,1,5,1,1
13db6ee4-1317-40e0-a703-ace487d5a549,1,1,1,1,1,1,1,1,0,1,1,0,0,1,3,1,1
10791634-b219-4fe1-8b1d-42c0c4ce846f,1,1,1,1,1,1,1,1,0,1,0,1,1,1,4,1,1
0730c49f-28a9-4ee2-a754-3d0728d20661,1,1,1,1,1,1,1,1,0,1,1,0,0,1,3,1,1
0c1765c7-0361-407b-ab2c-867ebfbc6604,1,1,1,1,1,1,1,1,0,1,1,0,0,1,5,1,1
14b63c5b-ebcb-4bda-8894-5514d13db901,1,1,1,1,1,1,1,1,0,1,1,0,0,1,4,1,1
0c6bedff-f2d3-4bf6-8907-0b7096c29735,1,1,1,1,1,1,1,1,0,1,1,0,0,1,5,1,1
12560a89-7eea-4104-99a2-4ca241d13750,1,1,1,1,1,1,1,1,0,1,1,0,0,1,4,1,1
0f52bf65-7da6-4c14-b24c-70ff5e074d26,1,1,1,1,1,1,1,1,0,1,1,0,0,1,4,1,0
0c8ad8fc-79b5-49c6-8236-8fc1da9b55ca,1,1,1,1,1,1,1,1,0,1,1,1,1,1,4,1,0
0c342e39-def1-4d95-95fa-e1a7dbd105dc,1,1,1,1,1,1,1,1,0,1,1,0,0,1,4,1,0
02f21a85-ed98-4c71-9ea8-964df65fe9f7,1,1,1,1,1,1,1,1,0,1,1,0,0,1,4,1,0
04a62711-f7e9-4b08-87fd-832988f6f8fb,1,1,1,1,1,1,1,1,0,1,1,0,0,1,2,1,0
10ad88a4-19d1-4c76-a33c-208c76f126d8,1,1,1,1,1,1,1,1,0,1,1,0,0,1,4,1,0
0d851276-04c9-483a-b685-19a21c82f581,1,1,1,1,1,1,1,1,0,1,1,0,0,1,6,1,0
0dcfbe59-adbb-4bd4-9a57-99bb36fffbe9,1,1,1,1,1,1,1,1,0,1,1,0,0,1,3,1,0
100df8e3-6aeb-46da-872a-cebf7b02c52d,1,1,1,1,1,1,1,1,0,1,1,0,0,1,3,1,0
077bcef7-84b2-4f14-9456-9d1d9b602185,1,1,1,1,1,1,1,1,0,1,1,0,0,1,3,1,1
0cdc33d5-53e7-4dd7-a981-68e8b5ed2093,1,1,1,1,1,1,1,1,0,1,1,0,0,1,3,1,0
0b087fe7-0abe-45e7-8588-59f938a309a0,1,1,1,1,1,1,1,1,0,1,1,0,0,1,3,1,0
04886489-c946-4924-a2a0-61e03b86b2a8,1,1,1,1,1,1,1,1,0,1,1,0,0,1,3,1,0
05595253-7a01-40bb-89d7-230b13eeb54f,1,1,1,1,1,1,1,1,0,1,1,0,0,1,4,1,0
0e6e0e45-4230-4ad3-979d-99f5e98313d6,1,1,1,1,1,1,1,1,0,1,1,1,1,1,3,1,0
1536dd76-70d1-4263-af5c-fe1f63a283e9,1,1,1,1,1,1,1,1,0,1,1,0,0,1,4,1,0
09c373ab-da1e-4f5e-8b6b-4e42ee2951dc,1,1,1,1,1,1,1,1,0,1,1,0,0,1,3,1,0
03d46ceb-6390-487f-a343-1fb5bd22fdba,1,1,1,1,1,1,1,1,0,1,1,1,1,1,4,1,1
0408afad-026c-40a3-ad6a-572174490813,1,1,1,1,1,1,1,1,0,1,1,0,0,1,3,1,0
03f13212-b7a4-4b7d-bdc0-f9bbeb5396b7,1,1,1,1,1,1,1,1,0,1,1,0,0,1,5,1,0
0b54b616-66f1-4fc3-b9be-6472b7eb66fb,1,1,1,1,1,1,1,1,0,1,1,0,0,1,3,1,0
08cb2ff3-da7f-4272-835e-ec0bb7bb549d,1,1,1,1,1,1,1,1,0,1,1,0,0,1,3,1,0
0248f016-0fba-4432-be6e-f4894891b906,1,1,1,1,1,1,1,1,0,1,1,0,0,1,4,1,0
09dde880-801b-45cd-84a4-57c24df37b29,1,1,1,1,1,1,1,1,0,1,1,1,1,1,4,1,0
0d595af8-6958-4a9a-9323-1557486a3cfc,1,1,1,1,1,1,1,1,0,1,1,0,0,1,4,1,0
017060b4-b0cf-46b6-9556-822d20df9899,1,1,1,1,1,1,1,1,0,1,1,0,0,1,3,1,0
115a4ce7-5f6b-4951-91c1-d26366e41b4b,1,1,1,1,1,1,1,1,0,1,1,0,0,1,5,1,0
09edc7b1-2e61-45a5-8669-f25b1d69bd08,1,1,1,1,1,1,1,1,0,1,1,0,0,1,3,1,0
029e540f-6de0-424a-a222-60fab42dbb64,1,1,1,1,1,1,1,1,0,1,1,0,0,1,3,1,0
0808ac97-9826-4285-bfb3-37dd58b6b5b4,1,1,1,1,1,1,1,1,0,1,1,0,0,1,4,1,1
0d9f0847-2b54-4899-b169-d3b15c9ebed6,1,1,1,1,1,1,1,1,0,1,1,0,0,1,4,1,0
01465c5a-72ed-4591-a269-9b9e8a00b3b1,1,1,1,1,1,1,1,1,0,1,1,0,0,1,4,1,0
02e67ad6-a653-4830-bbde-b8aab0c012c6,1,1,1,1,1,1,1,1,0,1,1,0,0,1,3,1,1
0fb252e3-f568-4d03-adba-587b4a97f968,1,1,1,1,1,1,1,1,0,1,1,0,0,1,4,1,0
14053735-d64f-43f4-bdde-b00e57caf34d,1,1,1,1,1,1,1,1,0,1,1,0,0,1,4,1,0
151330ea-a67e-42da-8461-a467b46b3c17,1,1,1,1,1,1,1,1,0,1,1,0,0,1,5,1,0
12d8ff2e-6f37-41fa-9cb5-f5dec510a914,1,1,1,1,1,1,1,1,0,1,1,0,0,1,3,1,1
0bcf030a-5351-4cff-a688-c7a02e6e9299,1,1,1,1,1,1,1,1,0,1,1,0,0,1,4,1,0
0212aa9e-fbe4-4f12-81f0-888c515489c5,1,1,1,1,1,1,1,1,0,1,1,1,1,1,4,1,0
06062cbc-74bd-4b58-b86f-035eecc3c46e,1,1,1,1,1,1,1,1,0,1,1,0,0,1,3,1,1
11790f51-7943-4084-9019-c0c17f7232ec,1,1,1,1,1,1,1,1,0,1,1,0,0,1,4,1,0
12796972-0532-4df7-b319-34c19b072ac1,1,1,1,1,1,1,1,1,0,1,1,0,0,1,4,1,0
141e38e7-55d8-445e-b8ff-20fad3ad997d,1,1,1,1,1,1,1,1,0,1,1,0,0,1,4,1,0
0d476e08-9ebc-475a-82a3-84e16315662e,1,1,1,1,1,1,1,1,0,1,1,1,1,1,5,1,1
12aa05aa-8e03-43b8-b706-6b460314d67a,1,1,1,1,1,1,1,1,0,1,1,0,0,1,5,1,0
06f737cd-d959-475f-a5a8-a2d159bcc189,1,1,1,1,1,1,1,1,0,1,1,0,0,1,1,1,0
12bfa951-4ccd-4eb0-b561-a14836f2dfad,1,1,1,1,1,1,1,1,0,1,1,0,0,1,4,1,0
06bac3b2-85e5-4a6a-9f2e-b1e9b187bf8c,1,1,1,1,1,1,1,1,0,1,1,0,0,1,3,1,0
03322b4f-04ce-4d5e-b18f-afe62b4013ca,1,1,1,1,1,1,1,1,0,1,1,1,1,1,4,1,0
14765757-d5fe-480d-b682-36837102340f,1,1,1,1,1,1,1,1,0,1,1,0,0,1,1,1,1
0ceff67d-3138-4efa-8ee4-32c033a2ceaf,1,1,1,1,1,1,1,1,0,1,1,0,0,1,5,1,0
1305abda-a55b-403a-a8dd-c08b8a8e5f27,1,1,1,1,1,1,1,1,0,1,1,0,0,1,3,1,0
0287358c-bcd5-460e-92d1-38a4ded1477c,1,1,1,1,1,1,1,1,0,1,1,1,1,1,3,1,1
0fa47053-e3f3-4beb-84e3-98922d7c9e37,1,1,1,1,1,1,1,1,0,1,1,0,0,1,3,1,0
148e750a-79c9-4728-8e55-07b43321f36b,1,1,1,1,1,1,1,1,0,1,1,0,0,1,4,1,0
00a283d6-bcbf-4fdc-8ca4-32f39e9b8e34,1,1,1,1,1,1,1,1,0,1,1,0,0,1,4,1,1
00a39029-fa6c-459b-b559-12b5b643337d,1,1,1,1,1,1,1,1,0,1,1,0,0,1,5,1,1
00ca4476-70ed-451d-be23-a1c8953c2def,1,1,1,1,1,1,1,1,0,1,1,0,0,1,5,1,0
030b93d7-1889-481a-bec8-75345a998ee5,1,1,1,1,1,1,1,1,0,1,1,1,1,1,3,1,0
0456ebc0-30ed-48b8-8773-47729de529df,1,1,1,1,1,1,1,1,0,1,1,0,0,1,4,1,0
05aebda3-05e1-4289-8e35-73d1adae61d2,1,1,1,1,1,1,1,1,0,1,1,0,0,1,4,1,1
08111796-a030-429a-a520-ced95236f35d,1,1,1,1,1,1,1,1,0,1,1,0,0,1,5,1,0
0c206446-3986-40c5-8b87-15337448adb4,1,1,1,1,1,1,1,1,0,1,1,0,0,1,3,1,0
0eace98d-1d76-409e-87be-95bac1b08311,1,1,1,1,1,1,1,1,0,1,1,0,0,1,3,1,0
0ec4f9a1-52c9-4280-8965-af1d1e245a4c,1,1,1,1,1,1,1,1,0,1,1,0,0,1,4,1,1
0eee242b-4015-4638-aa69-7c0740c132ae,1,1,1,1,1,1,1,1,0,1,1,0,0,1,4,1,1
0969608c-361b-46ea-b61b-13b680e26ece,1,1,1,1,1,1,1,1,0,1,1,0,0,1,4,1,0
0b0a63e8-b033-4a1f-93f1-f547050fd893,1,1,1,1,1,1,1,1,0,1,1,0,0,1,3,1,1
0e848ebd-ee10-420b-89b4-3b88b2611d19,1,1,1,1,1,1,1,1,0,1,1,1,1,1,3,1,0
116bf6d0-c982-4a41-9866-92916c4430d1,1,1,1,1,1,1,1,1,0,1,1,0,0,1,4,1,0
01b48674-c9b2-49af-8be4-db14ab6024ea,1,1,1,1,1,1,1,1,0,1,1,0,0,1,5,1,1
054c0666-79a5-4df3-b05c-78cfa971b1d0,1,1,1,1,1,1,1,1,0,1,1,0,0,1,5,1,1
0e604992-651f-4bc8-865a-0f9d0d2d46b7,1,1,1,1,1,1,1,1,0,1,1,0,0,1,3,1,1
15987e6a-a06e-482c-a5a0-7658886d9ce1,1,1,1,1,1,1,1,1,0,1,1,0,0,1,4,1,1
00d969b6-2f90-4307-ab63-e9add6ebe163,1,1,1,1,1,1,1,1,0,1,1,0,0,1,4,1,0
0c94c9e3-63b3-49f9-9fee-95484c5f5180,1,1,1,1,1,1,1,1,0,1,1,0,0,1,3,1,0
00259300-a89b-4556-a342-078813582603,1,1,1,1,1,1,1,1,0,1,1,1,1,1,4,1,0
099b24bf-2119-49f6-8636-a2723f20d11f,1,1,1,1,1,1,1,1,0,1,1,0,0,1,4,1,0
0eedd4d0-33ae-4631-a2b4-a363effd1c93,1,1,1,1,1,1,1,1,0,1,1,0,0,1,2,1,0
162e3b3f-75a2-4810-acf7-6b7f679ccdca,1,1,1,1,1,1,1,1,0,1,1,0,0,1,3,1,0
05767760-7b5d-460c-9b9b-152c59838bf8,1,1,1,1,1,1,1,1,0,1,1,0,0,1,4,1,1
14c29c2a-e2c7-49a1-a5b2-c8b092013fb7,1,1,1,1,1,1,1,1,0,1,1,0,0,1,3,1,1
152dcacb-ab3f-43d1-a3e2-0c95d67b28df,1,1,1,1,1,1,1,1,0,1,1,0,0,1,3,1,0
01d550c2-eda7-4c96-b68d-c30102ff0de6,1,1,1,1,1,1,1,1,0,1,1,0,0,1,2,1,1
07543393-a4c9-4813-8933-df47ebfd5e6d,1,1,1,1,1,1,1,1,0,1,1,0,0,1,3,1,1
0a77bef2-dab3-4b2e-b16a-0a8c9d81b5f9,1,1,1,1,1,1,1,1,0,1,1,0,0,1,3,1,1
0cf13112-0719-426c-9255-dfb82f28550b,1,1,1,1,1,1,1,1,0,1,1,0,0,1,6,1,0
12e77a24-35bd-4a7a-89be-580457bad14f,1,1,1,1,1,1,1,1,0,1,1,0,0,1,4,1,0
0ab0552d-a2cf-46a3-a16c-cf36ff861456,1,1,1,1,1,1,1,1,0,1,1,0,0,1,3,1,0
0c40f9ed-315c-4ce1-9794-25f8246932f0,1,1,1,1,1,1,1,1,0,1,1,1,1,1,4,1,0
108a4e7c-4b08-4247-b2b9-c7992be7dc11,1,1,1,1,1,1,1,1,0,1,1,0,0,1,4,1,1
13c2eb9c-1ea4-43b0-849b-7b2104225db8,1,1,1,1,1,1,1,1,0,1,1,0,0,1,3,1,1
04f94529-55d0-4908-a1d6-6a1a404b699a,1,1,1,1,1,1,1,1,0,1,1,0,0,1,4,1,0
099cfd38-e7c4-47c0-9a9e-899364644633,1,1,1,1,1,1,1,1,0,1,1,0,0,1,3,1,1
0bdfe960-25f1-4f90-8e46-c50e311f4783,1,1,1,1,1,1,1,1,0,1,1,1,1,1,3,1,1
08fa4a18-43be-4dda-9522-d0b2dc502e08,1,1,1,1,1,1,1,1,0,1,1,0,0,1,4,1,1
115dacbf-0a07-4f40-9447-78aef1fd646c,1,1,1,1,1,1,1,1,0,1,1,0,0,1,3,1,1
063e1d87-b9ea-456d-916c-088f2448140b,1,1,1,1,1,1,1,1,0,1,1,1,1,1,2,1,1
140ec9bb-b524-4ddc-9340-3324fccacb34,1,1,1,1,1,1,1,1,0,1,1,0,0,1,3,1,0
148dfbcf-e3b3-4ed7-8bd7-0c2b7a0d8cfb,1,1,1,1,1,1,1,1,0,1,1,0,0,1,4,1,1
07398e0d-7f3d-4c0f-b9d7-c424a15ec403,1,1,1,1,1,1,1,1,0,1,1,0,0,1,3,1,0
0a053159-b333-4b1d-8a89-b4ca41778d81,1,1,1,1,1,1,1,1,0,1,1,0,0,1,5,1,0
050b9bbc-5abd-4b33-bc7b-bf1eff783346,1,1,1,1,1,1,1,1,0,1,1,1,1,1,4,1,0
0a72e220-e013-4fca-b4aa-20b2f56de1e4,1,1,1,1,1,1,1,1,0,1,1,0,0,1,3,1,1
074dfeaf-3bf1-43fd-8818-62c1aec49d14,1,1,1,1,1,1,1,1,0,1,1,0,0,1,4,1,0
0a4579ac-7d10-4e31-89f2-5389bcf76eee,1,1,1,1,1,1,1,1,0,1,1,0,0,1,3,1,0
0baaf0f5-5b1e-4678-a9ed-8dd0556c2361,1,1,1,1,1,1,1,1,0,1,1,0,0,1,3,1,1
11d7b41b-b7df-4d5b-ae6c-3c2dcb37545a,1,1,1,1,1,1,1,1,0,1,1,0,0,1,3,1,1
15e6e767-b5aa-4a0b-98f6-aaebc505e56f,1,1,1,1,1,1,1,1,0,1,1,0,0,1,4,1,1
09b5ed7d-b723-4326-8cae-45ad98da9a34,1,1,1,1,1,1,1,1,0,1,1,0,0,1,3,1,1
114011c2-359a-48b1-be34-ee5a6b2b25ce,1,1,1,1,1,1,1,1,0,1,1,0,0,1,5,1,1
0c3fb07f-28f7-46e8-983d-cadf6f8ef9cf,1,1,1,1,1,1,1,1,0,1,1,0,0,1,3,1,1
076b23df-4fbd-4e9c-9d8e-b48e04a260ad,1,1,1,1,1,1,1,1,0,1,1,0,0,1,4,1,1
10b09438-227a-4368-986a-3bc2fab0677d,1,1,1,1,1,1,1,1,0,1,1,0,0,1,4,1,0
08f48e70-ce7d-4402-b164-b4658b0e819b,1,1,1,1,1,1,1,1,0,1,1,0,0,1,3,1,1
0ae62b94-63c7-43ae-99dc-dd8025eabc7c,1,1,1,1,1,1,1,1,0,1,1,0,0,1,3,1,1
0ea54c83-2199-47a7-9cba-340a51261c1f,1,1,1,1,1,1,1,1,0,1,1,0,0,1,4,1,1
0ce41308-f9da-4ccd-8127-46f2e212c8e6,1,1,1,1,1,1,1,1,0,1,1,0,0,1,4,1,0
0c128285-4091-4b4d-8252-a6f257cea7a3,1,1,1,1,1,1,1,1,0,1,1,0,0,1,4,1,1
0c588598-4a8a-4591-806e-83c096a0d998,1,1,1,1,1,1,1,1,0,1,1,0,0,1,4,1,0
12459aba-b585-4917-983f-ed27940d15f8,1,1,1,1,1,1,1,1,0,1,1,1,1,1,4,1,0
065bade6-ac72-451d-a212-e6ada3acc996,1,1,1,1,1,1,1,1,0,1,1,1,1,1,4,1,1
08804285-1d0a-4ce8-8146-68dafbfb9470,1,1,1,1,1,1,1,1,0,1,1,0,0,1,3,1,1
09598041-75f1-41e1-b9f7-dd5d41d814df,1,1,1,1,1,1,1,1,0,1,1,0,0,1,4,1,0
09e80d2f-c423-4c68-9883-fb1f0eae8e20,1,1,1,1,1,1,1,1,0,1,1,0,0,1,3,1,0
14df38f8-3447-45f8-9cee-1b5a27734f0f,1,1,1,1,1,1,1,1,0,1,1,0,0,1,5,1,1
1456a685-2e70-4dc1-8bd0-39557c6f95db,1,1,1,1,1,1,1,1,0,1,1,0,0,1,3,1,0
11a3e1c8-55be-4a2a-892f-1edd4d25b97c,1,1,1,1,1,1,1,1,0,1,1,0,0,1,5,1,0
07f6bdd7-a4ef-4712-b523-80590f9bbba3,1,1,1,1,1,1,1,1,0,1,1,1,1,1,2,1,1
008e5209-e746-4cf1-8b4a-fab056d395d2,1,1,1,1,1,1,1,1,0,1,1,0,0,1,3,1,1
105bcd9d-af30-47bc-b2e2-82351c25c584,1,1,1,1,1,1,1,1,0,1,1,0,0,1,6,1,1
0764377b-1190-4322-8e5d-09109e72c928,1,1,1,1,1,1,1,1,0,1,1,0,0,1,3,1,0
07c8ab74-1d7b-40a9-935c-60b7311c4216,1,1,1,1,1,1,1,1,0,1,1,0,0,1,3,1,0
03059442-f7e9-48ae-9283-570ef77a82f4,1,1,1,1,1,1,1,1,0,1,1,0,0,1,5,1,1
0cc7f2ec-809c-4d9a-bbd7-e24e8ed775d7,1,1,1,1,1,1,1,1,0,1,1,0,0,1,5,1,1
11f801fb-ccc8-4c79-ae5f-9d4185c72be0,1,1,1,1,1,1,1,1,0,1,1,1,1,1,4,1,1
0bb48dd4-046f-4a09-871f-4a56b806e1c3,1,1,1,1,1,1,1,1,0,1,1,0,0,1,3,1,1
07284f97-0693-40ed-a15a-cc7a3aac6ac1,1,1,1,1,1,1,1,1,0,1,1,0,0,1,3,1,0
10bd3614-df8a-44e5-83ef-52801dc1b568,1,1,1,1,1,1,1,1,0,1,1,0,0,1,4,1,1
0591996c-6dbe-403d-9517-0019941241c0,1,1,1,1,1,1,1,1,0,1,1,0,0,1,3,1,0
130c722c-1aa9-4508-974c-412a48ef0018,1,1,1,1,1,1,1,1,0,1,1,1,1,1,4,1,0
15a4d094-c8d1-4665-90c7-002e7f439c4f,1,1,1,1,1,1,1,1,0,1,1,0,0,1,4,1,1
020e11de-eb76-440d-ad83-4a8ad3099666,1,1,1,1,1,1,1,1,0,1,1,0,0,1,4,1,0
1368f141-7100-4f5a-9182-9d6cc6027d36,1,1,1,1,1,1,1,1,0,1,1,0,0,1,5,1,1
0226f40e-a5af-4b1f-8d57-a870ccecd4e0,1,1,1,1,1,1,1,1,0,1,1,1,1,1,5,1,0
0617225b-4368-4f4e-be47-3f84aa7d801e,1,1,1,1,1,1,1,1,0,1,1,0,0,1,2,1,0
100715e3-4f16-4231-b260-dac26fa65259,1,1,1,1,1,1,1,1,0,1,1,0,0,1,3,1,0
002cd249-fbc9-4dfb-a6d9-d98f823fe74f,1,1,1,1,1,1,1,1,0,1,1,0,0,1,3,1,0
06a904e6-b298-4c79-90b7-87d985c54ca0,1,1,1,1,1,1,1,1,0,1,1,0,0,1,3,1,1
04b8d74f-9506-4946-975b-90d2f6d718c3,1,1,1,1,1,1,1,1,0,1,1,1,1,1,4,1,0
0af33116-7563-4c97-8e46-75b16df993ce,1,1,1,1,1,1,1,1,0,1,1,1,1,1,3,1,0
0863207e-cf6d-45e5-a983-18ce0226d42b,1,1,1,1,1,1,0,1,0,1,0,1,1,1,3,1,0
0ccceb36-a007-49f1-baa7-e4500afdc07c,1,1,1,1,1,1,1,1,0,1,1,0,0,1,3,1,1
0f694267-6723-4d67-acd5-a508f4cd0102,1,1,1,1,1,1,1,1,0,1,1,0,0,1,2,1,1
04b206f9-6265-4953-8bb9-78c8a6e27197,1,1,1,1,1,1,1,1,0,1,1,0,0,1,5,1,1
05c02e15-e6cc-4c25-b4e7-28cc3b255fdf,1,1,1,1,1,1,1,1,0,1,1,0,0,1,5,1,1
0cd66c9d-a4fd-43e8-a915-b5a171baf543,1,1,1,1,1,1,1,1,0,1,1,0,0,1,4,1,1
0f82c5ad-41ea-4123-9ccb-fb9f49cf752b,1,1,1,1,1,1,1,1,0,1,1,0,0,1,2,1,0
09e64c8e-ee42-4a5b-97f8-e3e6c2675d87,1,1,1,1,1,1,1,1,0,1,1,0,0,1,4,1,1
0ff706d8-c9ed-426f-8cc6-ea8d6e01e1c7,1,1,1,1,1,1,1,1,0,1,1,0,0,1,5,1,1
08c64d2f-e6f8-41ed-8997-bd1fd3e3e312,1,1,1,1,1,1,1,1,0,1,1,0,0,1,5,1,1
0d527601-c874-4833-b09d-e45c03a40fcb,1,1,1,1,1,1,1,1,0,1,1,1,1,1,2,1,1
074da22a-a769-46aa-b47c-ae75202969a2,1,1,1,1,1,1,1,1,0,1,1,0,0,1,5,1,0
026e3b2f-571f-48b8-a715-1f637aa6e506,1,1,1,1,1,1,1,1,0,1,1,0,0,1,3,1,0
07c35696-dd09-4c2b-b41c-333725c25a8d,1,1,1,1,1,1,1,1,0,1,1,0,0,1,4,1,0
14167bf3-0382-4d65-baf0-3f1cd8f31fa0,1,1,1,1,1,1,1,1,0,1,1,0,0,1,3,1,0
0722ab47-69b7-4055-a0dc-ad602b19db6e,1,1,1,1,1,1,1,1,0,1,1,1,1,1,6,1,0
078e2408-ee33-45b2-b3ba-74c7fa13d2de,1,1,1,1,1,1,1,1,0,1,1,0,0,1,3,1,0
083a85c9-f584-40d8-9299-38e1727867ec,1,1,1,1,1,1,1,1,0,1,1,0,0,1,3,1,1
0fd6e305-00d0-4e55-803e-4ed5f19cf667,1,1,1,1,1,1,1,1,0,1,1,0,0,1,3,1,0
14330b81-2c07-49bc-8e49-8e09b99feb6d,1,1,1,1,1,1,1,1,0,1,1,0,0,1,3,1,0
005ef9dd-144f-4059-ad71-5017ad8c9207,1,1,1,1,1,1,1,1,0,1,1,0,0,1,3,1,0
061d08d6-8a97-460e-a5aa-ced2141e6a88,1,1,1,1,1,1,1,1,0,1,1,0,0,1,2,1,0
0c86fb83-ca01-4515-8369-3fc27c8432d0,1,1,1,1,1,1,1,1,0,1,1,0,0,1,3,1,0
1041f60d-b9b2-4720-938d-e2dfcb54b422,1,1,1,1,1,1,1,1,0,1,1,0,0,1,3,1,0
12f58d46-c2a2-4106-bafa-4e1f649fff78,1,1,1,1,1,1,1,1,0,1,1,0,0,1,3,1,1
1312f616-174d-4b5a-80c1-641575ca2222,1,1,1,1,1,1,1,1,0,1,1,0,0,1,4,1,1
072ab4a5-a76b-494c-b617-7d33f0c84cbb,1,1,1,1,1,1,1,1,0,1,1,1,1,1,3,1,1
085dccb4-3c85-4bb6-ace8-b283bca831d7,1,1,1,1,1,1,1,1,0,1,1,0,0,1,5,1,1
137a3f94-29e1-4f16-b02a-3954d90ace20,1,1,1,1,1,1,1,1,0,1,1,0,0,1,3,1,1
03bdec08-a651-4be6-8794-06f0b6f211fd,1,1,1,1,1,1,1,1,0,1,1,0,0,1,4,1,0
01804115-1816-4c53-aff1-c7c1b84e3eb5,1,1,1,1,1,1,1,1,0,1,1,0,0,1,5,1,0
157dbad1-d326-48bf-8d0e-21d5ac19d217,1,1,1,1,1,1,1,1,0,1,1,1,1,1,5,1,0
04bea469-2dbe-42e2-ae6c-cd5cb2e4b298,1,1,1,1,1,1,1,1,0,1,1,0,0,1,3,1,1
0b6e47a9-f33b-4971-8a2b-28fe8a06c2f1,1,1,1,1,1,1,1,1,0,1,1,1,1,1,4,1,0
0198bd78-6c64-4886-a34e-b05a4ea268b5,1,1,1,1,1,1,1,1,0,1,1,0,0,1,5,1,0
03eebd64-67c4-47d2-b362-28160e6cc487,1,1,1,1,1,1,1,1,0,0,0,0,0,1,2,1,0
0d7dcc3b-e132-4565-bd24-ba6cd0eb366b,1,1,1,1,1,1,1,1,0,1,1,1,1,1,5,1,1
0e502301-1dbb-45d6-a515-6fd34435cc42,1,1,1,1,1,1,1,1,0,1,1,0,0,1,4,1,1
1446d3c9-97b9-42e4-931f-6d507edf542f,1,1,1,1,1,1,1,1,0,1,1,0,0,1,2,1,0
043cb948-dceb-4f6c-9938-d51e875053fa,1,1,1,1,1,1,1,1,0,1,1,0,0,1,3,1,0
04f7b9ee-9ebe-418c-8c33-ce329b40b141,1,1,1,1,1,1,1,1,0,1,1,1,1,1,4,1,1
0d9e440e-a6da-46f2-9cb7-3fba693ac607,1,1,1,1,1,1,1,1,0,1,1,0,0,1,5,1,1
086aa55d-07d2-4d33-b616-ef09868e36f0,1,1,1,1,1,1,1,1,0,1,1,0,0,1,5,1,1
08e38364-9b2a-44c2-80e1-d8097436adb6,1,1,1,1,1,1,1,1,0,1,1,0,0,1,3,1,0
119bf5f5-eb00-49ec-a9b3-ed3f1a4b419a,1,1,1,1,1,1,1,1,0,1,1,0,0,1,5,1,0
03329d25-0b24-4bfa-9453-499525f29e13,1,1,1,1,1,1,1,1,0,1,1,0,0,1,4,1,0
03a31a17-6918-4b8e-9afa-bb006d457d39,1,1,1,1,1,1,1,1,0,1,1,0,0,1,5,1,1
041d8e25-5ac0-4ef3-b4df-d96221f54489,1,1,1,1,1,1,1,1,0,1,1,0,0,1,3,1,0
0ab7c8dd-f9f6-41c5-8608-727495fe3a53,1,1,1,1,1,1,1,1,0,1,1,0,0,1,1,1,0
0c116141-c99c-4bb4-815b-fdda51a8b762,1,1,1,1,1,1,1,1,0,1,1,0,0,1,5,1,0
0c972023-04de-4176-bdbc-3034783ec1ff,1,1,1,1,1,1,1,1,0,1,1,0,0,1,3,1,0
0d6f4aea-3e3d-4b9f-b6ca-42833fd9c28e,1,1,1,1,1,1,1,1,0,1,1,0,0,1,3,1,0
093e5e94-1bcb-4b10-bb2e-b2a8d58a53f8,1,1,1,1,1,1,1,1,0,1,1,0,0,1,3,1,0
0044c7c4-a442-4ecd-ab55-49e4aae2a819,1,1,1,1,1,1,1,1,0,1,1,0,0,1,5,1,0
0b3542c6-484f-4867-9df5-8a0c392aafb8,1,1,1,1,1,1,1,1,0,1,1,0,0,1,4,1,1
00eadd72-97b9-4b5b-9a30-4013ea27802c,1,1,1,1,1,1,1,1,0,1,1,0,0,1,4,1,0
0e1cba2e-812c-45ee-985f-659588adfa89,1,1,1,1,1,1,1,1,0,1,1,0,0,1,3,1,0
066409ee-0629-4312-a797-1c2222e97bcc,1,1,1,1,1,1,1,1,0,0,0,1,1,1,4,1,1
0275503c-f7e5-4ddb-bcd6-e1f1ed773500,1,1,1,1,1,1,1,1,0,1,1,0,0,1,2,1,1
0182dbd9-1841-4fc3-98be-2f2f438b1df6,1,1,1,1,1,1,1,1,0,1,1,0,0,1,3,1,1
01bda6a1-bd0e-4099-99db-aa550ae363dd,1,1,1,1,1,1,1,1,0,1,1,0,0,1,4,1,0
0efbb13a-fcc8-42fc-a845-6bb654ad29c5,1,1,1,1,1,1,1,1,0,1,1,0,0,1,4,1,0
083ca7af-043c-46ed-90c3-1c17c98ba7e9,1,1,1,1,1,1,1,1,0,1,1,1,1,1,4,1,0
1240ed27-eb8d-4e11-a469-d58abb3bd53d,1,1,1,1,1,1,1,1,0,1,1,0,0,1,4,1,0
046e6e93-a407-435f-83e3-0a26a9dcc4a9,1,1,1,1,1,1,1,1,0,1,1,0,0,1,2,1,0
0f41a531-b472-4ce0-8a8d-d7743f4380ea,1,1,1,1,1,1,1,1,0,1,1,1,1,1,3,1,1
07261bf5-9a85-4549-ada0-e91d0936d634,1,1,1,1,1,1,1,1,0,1,1,0,0,1,4,1,0
082a1fe3-334b-4e21-8b15-0a3bc57dd34c,1,1,1,1,1,1,1,1,0,1,1,1,1,1,3,1,0
09328811-79f9-4df0-acbf-d6397b43048e,1,1,1,1,1,1,1,1,0,1,1,0,0,1,2,1,0
0337217f-9481-484c-bfa1-1998345a39a0,1,1,1,1,1,1,1,1,0,1,1,0,0,1,3,1,0
140eee00-95d0-422b-a1c2-1f9ffd45ed04,1,1,1,1,1,1,1,1,0,1,1,1,1,1,2,1,0
12a30faf-0c70-496c-88ea-80543dc3ec2b,1,1,1,1,1,1,1,1,0,1,1,0,0,1,2,1,1
1621d017-1fff-44f8-b1b5-65cee94aef97,1,1,1,1,1,1,1,1,0,1,1,0,0,1,2,1,0
002cbdce-81ed-438e-b190-d401731b83f2,1,1,1,1,1,1,1,1,0,1,1,0,0,1,3,1,0
1017033d-2b00-4a8b-aae2-6bbc50c3c9be,1,1,1,1,1,1,1,1,0,1,1,0,0,1,3,1,1
1495e137-c136-4dd1-b55f-e8fcf73c9f22,1,1,1,1,1,1,1,1,0,1,1,0,0,1,2,1,0
0740730c-1550-4499-8a7f-62615aa99621,1,1,1,1,1,1,1,1,0,1,1,1,1,1,3,1,0
14da9fdf-6585-40d1-8454-7b7b933c450f,1,1,1,1,1,1,1,1,0,1,1,0,0,1,4,1,1
0ad03737-d301-4f18-ad27-f0972150e149,1,1,1,1,1,1,1,1,0,1,1,0,0,1,2,1,0
01cee17c-bea9-4afe-aa34-281778c03f4a,1,1,1,1,1,1,1,1,0,1,1,1,1,1,2,1,0
15d9b5d8-b0f6-4e3b-a691-271baaa939b3,1,1,1,1,1,1,1,1,0,1,1,0,0,1,4,1,1
07d3106e-b6bb-4068-8f1d-7cc7bc8560a2,1,1,1,1,1,1,1,1,0,1,1,0,0,1,3,1,0
0b211cb0-10ef-4c0f-8a0d-e350b6bda893,1,1,1,1,1,1,1,1,0,1,1,0,0,1,2,1,0
0c1be103-7342-42ed-a8b9-ee254c9af1d4,1,1,1,1,1,1,1,1,0,1,1,0,0,1,3,1,0
0cd50caf-018a-48ef-a209-aeae1c21d757,1,1,1,1,1,1,1,1,0,1,1,1,1,1,1,1,0
0e63700e-6012-4fcc-b14b-859b2568e5b3,1,1,1,1,1,1,1,1,0,1,1,0,0,1,2,1,1
103da3dd-6e51-4145-9b09-3a8d190e2e02,1,1,1,1,1,1,0,0,0,1,1,0,0,1,3,1,0
0f30e09d-c4ed-4439-b393-2c828d336ab5,1,1,1,1,1,1,1,1,0,1,1,1,0,1,2,1,0
0fd20b71-a321-46b8-8237-7cf9bafa8c53,1,1,1,1,1,1,1,1,0,1,1,0,0,1,2,1,1
0b5c41e7-140b-42f0-a8b4-810c2d002b43,1,1,1,1,1,1,1,1,0,1,1,0,0,1,2,1,0
14082a25-bb13-4a05-8801-bce9d0fbdfdc,1,1,1,1,1,1,1,1,0,1,1,0,0,1,2,1,1
006a593d-0c8a-48d6-ace2-ddcc7a1f6b47,1,1,1,1,1,1,1,1,0,1,1,0,0,1,2,1,0
0347d52d-e07d-46af-9e3a-a155a0bb45d8,1,1,1,1,1,1,1,1,0,1,1,0,0,1,2,1,1
047bee01-f8c4-4c07-821b-9b8a3834338e,1,1,1,1,1,1,1,1,0,1,1,1,1,1,3,1,0
0936a2b3-f625-4956-8f25-0c8035b1e463,1,1,1,1,1,1,1,1,0,1,1,0,0,1,2,1,1
0de22912-8be1-40a0-bd6e-d3111552c8f9,1,1,1,1,1,1,1,1,0,1,1,0,0,1,3,1,0
0e585b83-7c3a-46fc-8147-6ea708fcb596,1,1,1,1,1,1,1,1,0,1,1,0,0,1,2,1,1
0f33a5ab-9902-4642-95a4-db80d9765f7f,1,1,1,1,1,1,1,1,0,1,1,0,0,1,3,1,0
0572b8dc-5d0d-4807-81b0-e1a33154a61c,1,1,1,1,1,1,1,1,0,1,1,0,0,1,3,1,1
0a645df9-5be7-4d97-9baf-10dce707aef5,1,1,1,1,1,1,1,1,0,1,1,0,0,1,3,1,0
0b36b3d9-5c8e-4921-9af5-9734bed798db,1,1,1,1,1,1,1,1,0,1,1,0,0,1,3,1,1
0f02e730-8058-4c10-b101-a73bc1ef3b35,1,1,1,1,1,1,1,1,0,1,1,0,0,1,3,1,0
1197f2c6-0b0f-4cbc-bbb7-c0afe46b5a0f,1,1,1,1,1,1,1,1,0,1,1,0,0,1,2,1,0
03885e1d-c078-430f-9992-f9e07cb240d0,1,1,1,1,1,1,1,1,0,1,1,0,0,1,2,1,1
089f850e-0f95-4a28-ad23-470ef8ec46c9,1,1,1,1,1,1,1,1,0,1,1,0,0,1,2,1,0
0de18d06-e00a-49a3-9b46-ce0eb4e4040b,1,1,1,1,1,1,1,1,0,1,1,0,0,1,2,1,0
0e130c06-a2a8-4f1f-98c8-17cf8cd9fde2,1,1,1,1,1,1,1,1,0,1,1,0,0,1,3,1,1
0f47fbfa-d9fa-48c8-8474-e6b00a442fcc,1,1,1,1,1,1,1,1,0,1,0,0,0,1,3,1,0
0295804d-694a-4001-960c-6b3d593411ae,1,1,1,1,1,1,1,1,0,1,1,1,1,1,2,1,1
0a226ca7-c053-49af-bcaa-25a142cbb065,1,1,1,1,1,1,1,1,0,1,1,0,0,1,2,1,0
03f5614b-e1d9-458b-a1a3-ec0b812b4578,1,1,1,1,1,1,1,1,0,1,1,0,0,1,2,1,1
0b9041c7-920b-462d-a21d-c7faa6926e9a,1,1,1,1,1,1,1,1,0,1,1,1,1,1,2,1,0
0643be25-1650-4c9b-b15f-d957190ee683,1,1,1,1,1,1,1,1,0,1,1,0,0,1,1,1,1
0706cad7-b557-4b97-9996-ace46b655ff7,1,1,1,1,1,1,1,1,0,1,1,0,0,1,2,1,0
128fe1c4-5760-4946-9fc1-af3ec9ecc01b,1,1,1,1,1,1,1,1,0,1,1,0,0,1,3,1,1
0a01ef1e-9bce-4336-be90-e92c11bcd8e6,1,1,1,1,1,1,1,1,0,1,1,0,0,1,3,1,1
0c3d59a5-b0d8-4b00-ad14-a8aedce7809e,1,1,1,1,1,1,1,1,0,1,1,0,0,1,2,1,1
0f0c75ba-2fae-4b3e-94eb-fd60537bc758,1,1,1,1,1,1,1,1,0,1,1,1,1,1,2,1,1
08df4ee8-edba-45f4-9e8d-0dd22faf7e7e,1,1,1,1,1,1,1,1,0,1,1,1,1,1,2,1,0
10d74562-04ff-4593-8b1e-dc65eb344975,1,1,1,1,1,1,1,1,0,1,1,0,0,1,2,1,1
079c147c-faa1-4623-9ee5-a9290ed73db4,1,1,1,1,1,1,1,1,0,1,1,0,0,1,2,1,0
0b1b30ba-8da3-4cf5-beaa-40ce6992a537,1,1,1,1,1,1,1,1,0,1,1,0,0,1,5,1,1
122023e1-b658-4205-aa63-949d5a0ab5de,1,1,1,1,1,1,1,1,0,1,1,0,0,1,3,1,0
001c1db1-a840-45cf-bf78-a1e3524884af,1,1,1,1,1,1,1,1,0,1,1,0,0,1,2,1,1
0038f04b-08ff-4eb9-b5cd-d3d08f91db27,1,1,1,1,1,1,1,1,0,1,1,0,0,1,2,1,1
02634191-c435-4c49-9800-702ddd2941c2,1,1,1,1,1,1,1,1,0,1,1,0,0,1,2,1,0
07786900-edf1-4859-88d6-462989c350df,1,1,1,1,1,1,1,1,0,1,1,0,0,1,2,1,0
00e662d7-d53a-4c90-927a-e7bf77761db4,1,1,1,1,1,1,1,1,0,1,1,0,0,1,3,1,0
09403b82-614f-4518-8cb7-d821cb963f87,1,1,1,1,1,1,1,1,0,1,1,0,0,1,2,1,0
0f869d9f-e8b2-4c99-ab8d-5311db0086fa,1,1,1,1,1,1,1,1,0,1,1,0,0,1,2,1,0
10159959-93c2-4445-a64c-e7e534450ef8,1,1,1,1,1,1,1,1,0,1,1,0,0,1,2,1,0
12d76ad3-0bcd-456a-afa5-f8530982d7f0,1,1,1,1,1,1,1,1,0,1,1,0,0,1,2,1,0
074689f2-7241-418b-a846-b09f5b50c5dc,1,1,1,1,1,1,1,1,0,1,1,0,0,1,2,1,0
0bf97cf1-916c-45a7-b7d5-a2b59a972fbc,1,1,1,1,1,1,1,1,0,1,1,0,0,1,2,1,0
115e8eca-48bb-4e23-87a4-dad775353a7f,1,1,1,1,1,1,1,1,0,1,1,0,0,1,2,1,0
0140741b-9be2-4fc2-bf7b-f49d77fa36b3,1,1,1,1,1,1,1,1,0,1,1,0,0,1,2,1,0
140ba63e-ed7a-4c63-8a87-432161dabc1c,1,1,1,1,1,1,1,1,0,1,1,0,0,1,3,1,1
0f65c631-eaec-468b-8ecc-fdfc3589cc1a,1,1,1,1,1,1,1,1,0,1,1,0,0,1,6,1,0
05b66171-3893-45a1-ac64-d7d32865da41,1,1,1,1,1,1,1,1,0,1,1,0,0,1,3,1,1
0f4ac529-0390-4c07-9723-267038ac71b4,1,1,1,1,1,1,1,1,0,1,1,0,0,1,3,1,0
1146be11-09f0-4c13-82a6-8c357ba2ee5a,1,1,1,1,1,1,1,1,0,1,1,0,0,1,3,1,0
09c7cee4-c3ae-4e19-9245-7811076a860a,1,1,1,1,1,1,1,1,0,1,1,0,0,1,2,1,1
01b4635f-f274-4c1d-9a28-6530333f66a7,1,1,1,1,1,1,1,1,0,1,1,0,0,1,3,1,0
0b752102-77a6-4525-b22e-acb010a06a36,1,1,1,1,1,1,1,1,0,1,1,0,0,1,1,1,0
11a31201-4ff1-45c9-9e29-41996abf0ae4,1,1,1,1,1,1,1,1,0,1,1,0,0,1,2,1,1
1034f852-bf09-43fc-9283-d3378fd80bc3,1,1,1,1,1,1,1,1,0,1,1,0,0,1,2,1,0
008364d6-be54-4ef6-b31c-b5001249abd2,1,1,1,1,1,1,1,1,0,1,1,0,0,1,5,1,1
03f05593-8680-4ba3-a707-683ac5403a9e,1,1,1,1,1,1,1,1,0,1,1,0,0,1,2,1,0
08d88139-59e7-4fd2-b8e9-944a0badadd4,1,1,1,1,1,1,1,1,0,1,1,1,1,1,3,1,1
14bd28e4-feaa-46b6-b336-b9e319aef993,1,1,1,1,1,1,1,1,0,1,1,0,0,1,2,1,0
104884f2-c9fa-4780-bedc-c427fdfdac58,1,1,1,1,1,1,1,1,0,1,1,0,0,1,3,1,0
15282f09-defa-4560-a0f8-75ea14234a4d,1,1,1,1,1,1,1,1,0,1,1,0,0,1,4,1,0
060ac730-b622-446b-a76d-1f87ceb7c7e2,1,1,1,1,1,1,1,1,0,1,1,0,0,1,3,1,1
070ed941-dddd-437e-9425-750358c30faf,1,1,1,1,1,1,1,1,0,1,1,0,0,1,2,1,0
157375de-f301-42c0-b0cc-48854b2cf82b,1,1,1,1,1,1,1,1,0,1,1,1,1,1,2,1,1
13f692bc-7c95-419d-823f-f5496217b9ee,1,1,1,1,1,1,1,1,0,1,1,1,1,1,3,1,1
0b889212-3ee1-4dbf-a9cf-7627d3c4d932,1,1,1,1,1,1,1,1,0,1,1,0,0,1,2,1,0
003d3312-6a8c-4e17-bcdf-512117d70dce,1,1,1,1,1,1,1,1,0,1,1,0,0,1,1,1,0
09e9e03a-146d-45e7-912c-b4f0ac823eee,1,1,1,1,1,1,1,1,0,1,1,0,0,1,1,1,1
0b64d27d-8901-4149-ba97-1430d4f71681,1,1,1,1,1,1,1,1,0,1,1,0,0,1,1,1,0
02b2c464-68c5-47c0-abfa-28e9d8987260,1,1,1,1,1,1,1,1,0,1,1,0,0,1,1,1,1
10f0b522-1512-40a0-a2d3-f650f1e87bde,0,0,1,1,1,1,1,1,0,1,1,0,0,1,6,1,0
04280edc-8c05-4577-9cdd-f90ddd18be87,0,0,1,1,1,1,1,1,0,1,1,0,0,1,3,1,0
020477e8-c1dc-4bc3-a6d3-0b7d29d9ed3f,0,0,1,1,1,1,1,1,0,1,1,0,1,1,6,1,0
0fd59342-7a61-4400-890b-725189cd0340,0,0,1,1,1,1,0,0,0,1,1,0,0,1,2,1,0
0f5deb3b-6831-43ca-99a9-21fd6f0c5b9d,0,0,1,1,1,1,1,1,0,1,1,0,1,1,1,1,1
01315c32-2728-4e10-8da9-25f28baccaae,0,0,1,1,1,1,1,1,0,1,1,0,0,1,1,1,0
0b223147-3234-47d0-9f83-381476cf88b1,0,0,1,1,1,1,1,1,0,1,1,0,0,1,1,1,0
0c4cdde0-04ad-4eb9-a7b0-24b05aa6b892,0,0,1,1,1,1,1,1,0,1,1,0,0,1,4,1,0
03fa4cd7-b0a1-4cff-9419-e41e07148510,0,0,1,1,1,1,1,1,0,1,1,0,0,1,2,1,1
0fbebd61-f668-4b26-8e93-66e1fbbfeccf,0,0,1,1,1,1,1,1,0,1,1,0,0,1,2,1,0
0149be91-153e-466f-b09f-3845b7303cbb,0,0,1,1,1,1,1,1,0,1,1,1,1,1,5,1,0
136c51c3-3abd-4d8f-bdf0-8cd7698c7641,0,0,1,1,1,1,1,1,0,1,1,0,0,1,1,1,0
0cb76bff-1e54-4afe-abd1-760087ea3b38,0,0,1,1,1,1,1,1,0,1,1,0,0,1,2,1,1
051b4218-9e5b-42d7-ad88-1bdd0b1cad75,0,0,1,1,1,1,1,1,0,1,1,1,1,1,2,1,1
04ab3aa3-55d5-46ff-b8c7-1b4b3676211b,0,0,1,1,1,1,1,1,0,1,1,0,0,1,3,1,0
0f8d13a0-1e15-4514-b1cd-9fe6fe4dcf53,0,0,1,1,1,1,1,1,0,1,1,0,0,1,2,1,0
0eaf72f1-d7aa-407e-91b4-91fd853d886f,0,0,1,1,1,1,1,1,0,1,1,0,0,1,2,1,0
021f3717-0f01-47cc-8a37-31a0ab7a0682,0,0,1,1,1,1,1,1,0,1,1,0,0,1,1,1,1
1331c2fa-1bf6-45da-87c0-77a6da8a8d17,0,0,1,1,1,1,1,1,0,1,1,0,0,1,2,1,0
0be6a8c2-0980-4a07-a258-93b4ed6c6d87,0,0,1,1,1,1,1,1,0,1,1,0,0,1,1,1,1
0fc20cff-f970-4052-b2b7-6be3db19a727,0,0,1,1,1,1,1,1,0,1,1,0,0,1,1,1,1
03b6cb35-f8be-4550-88dc-f858136e9b2b,0,0,1,1,1,1,1,1,0,1,1,1,1,1,3,1,0
00ceea34-c11e-4c69-8231-80afe19cca88,0,0,1,1,1,1,1,1,0,1,1,0,0,1,1,1,0
0fd8e4b7-d5dd-48ed-999b-a3b478ac8e4a,0,0,1,1,1,1,1,1,0,1,1,0,0,1,1,1,0
091d6bc5-46ec-493b-92ee-db7e179f0484,0,0,1,1,1,1,1,1,0,1,1,0,0,1,2,1,0
0e72df1d-0126-48a8-a474-a92b3fa70433,0,0,1,1,1,1,1,1,0,1,1,0,0,1,4,1,0
0ed1d06c-51a7-487f-be2b-40932c21ed17,0,0,1,1,1,1,1,1,0,1,1,0,0,1,1,1,0
15286ebb-9d13-4dbc-b2ee-49b9e2bcf099,0,0,1,1,1,1,1,1,0,1,1,0,0,1,2,1,1
1081c78b-5f91-470c-9c63-e83b271c3196,0,0,1,1,1,1,1,1,0,1,1,0,0,1,4,1,0
07a3be66-5cfd-4088-afdb-c0cb85914052,0,0,1,1,1,1,1,1,0,1,1,0,0,1,1,1,0
041cbf18-e2b6-4a1e-bc37-a8cb213072da,0,0,1,1,1,1,1,1,0,1,1,0,0,1,5,1,0
0c94061a-2221-4fc7-9cc5-b30eb42a7f21,0,0,1,1,1,1,1,1,0,1,1,0,0,1,1,1,0
0c5960de-d01b-4490-8867-fb20c2350551,0,0,1,1,1,1,1,1,0,1,1,1,1,1,2,1,0
0b8c923a-8b5b-46e5-aee4-554c0b61517c,0,0,1,1,1,1,0,0,0,1,1,0,0,1,3,1,0
0148ecc2-6dc8-43e8-9a5a-5f6b26f4a86b,0,0,1,1,1,1,1,1,0,1,1,1,1,1,2,1,0
08ad3954-2c84-4106-9655-f7228a8f7123,0,0,1,1,1,1,1,1,0,1,1,0,0,1,2,1,1
0731433f-4ca9-4914-8847-1ff846cb2e1e,0,0,1,1,1,1,1,1,0,1,1,0,0,1,1,1,0
00f4ddfa-11e2-4318-b1e2-7aa3e506bfc2,0,0,1,1,1,1,1,1,0,1,1,0,0,1,2,1,0
0f19ebb3-b948-4830-bfca-abb8dc1cbb8b,0,0,1,1,1,1,1,1,0,1,1,0,0,1,1,0,0
08b0e6f6-731e-4b57-8948-12b7fc7aab28,0,0,1,1,1,1,1,1,0,1,1,0,0,1,3,1,1
0dc35e8f-a17e-4853-b64e-3eba677a206c,0,0,1,1,1,1,1,1,0,1,1,0,0,1,2,1,0
11951822-071b-462f-a68f-caba95400201,0,0,1,1,1,1,1,1,0,1,1,0,0,1,1,0,0
1349cd75-6611-4e03-83aa-9f9e7068e418,0,0,1,1,1,1,1,1,0,1,1,0,0,1,3,1,0
02147b7c-0e15-4aa1-8e78-26a68946cc9f,0,0,1,1,1,1,1,1,0,1,1,0,0,1,2,1,0
12a081cd-6eee-4ae9-bf8d-7d8d61fd53f4,0,0,1,1,1,1,1,1,0,1,1,0,0,1,4,1,0
03c329da-2f20-474b-a0c4-56314ae79be8,0,0,1,1,1,1,1,1,0,1,1,0,0,1,3,1,0
0fa7fa09-3fd0-4f05-b798-fed29bb6b3a9,0,0,1,1,1,1,1,1,0,1,1,1,1,1,1,1,0
138ca753-310e-4f9b-ab2b-ec03187fbf78,0,0,1,1,1,1,1,1,0,1,1,0,0,1,6,1,0
0440808c-b8d4-411a-bea3-5aa3f4dd706d,0,0,1,1,1,1,1,1,0,1,1,1,1,1,3,1,0
1270cba0-2811-4c8b-85ea-956d87498640,0,0,1,1,1,1,1,1,0,1,1,0,0,1,3,1,0
13f5ce2b-4be3-4ca5-8523-b41f0f202e74,0,0,1,1,1,1,1,1,0,1,1,1,1,1,3,1,1
0d23f8c9-ed10-47ea-9b8f-59c59db12341,0,0,1,1,1,1,1,1,0,1,1,0,0,1,2,1,0
103b5694-329e-4192-b17b-1f4010056ab8,0,0,1,1,1,1,1,1,0,1,1,0,0,1,4,1,0
00e2f652-c2e2-44f4-b067-deb5376463be,0,0,1,1,1,1,1,1,0,1,1,0,0,1,2,1,0
0324415f-96da-49c2-86ae-83a1d31ddd7e,0,0,1,1,1,1,1,1,0,1,1,0,0,1,1,1,1
05770e2d-27c3-4ee5-9a7f-f00b10ed618f,0,0,1,1,1,1,0,0,0,1,1,1,1,1,5,1,0
0f6ecf03-2c80-4052-8aa5-f65d1a12703d,0,0,1,1,1,1,1,1,0,1,1,0,0,1,1,1,0
01b9ecb3-0979-4632-bb9f-4ab10ddba614,0,0,1,1,1,1,0,0,0,1,1,1,1,1,2,1,1
137117b1-beee-40b4-bc9b-ddcfc17d99a4,0,0,1,1,1,1,1,1,0,1,1,0,0,1,1,1,1
0a207238-0d03-4bdf-a9ac-3c24da1c1a3b,0,0,1,1,1,1,1,1,0,1,1,0,0,1,6,1,1
0d65b576-72fb-4c15-8c7c-fd0f3ce06d6f,0,0,1,1,1,1,1,1,0,1,1,0,0,1,2,1,0
0d989205-1321-4fe1-8d9f-1a1109394205,0,0,1,1,1,1,1,1,0,1,1,0,0,1,2,1,1
0eeee770-2859-4e9a-924d-427d078ff2bb,0,0,1,1,1,1,1,1,0,1,1,0,0,1,4,1,0
0253cb36-f726-4516-9f66-408de93e10af,0,0,1,1,1,1,1,1,0,1,1,0,0,1,2,1,0
1377e1ef-145f-4778-b181-729f3048edd0,0,0,1,1,1,1,1,1,0,1,1,0,0,1,3,1,0
04d74f5f-5dd8-46ff-a93c-db10d9bd667b,0,0,1,1,1,1,1,1,0,1,1,0,0,1,2,1,0
0f7fae78-0c36-496d-a00f-6ebfeb968c34,0,0,1,1,1,1,1,1,0,1,1,0,0,1,6,1,0
12c7f96a-95bf-4ec6-9443-81f06f8385c5,0,0,1,1,1,1,1,1,0,1,1,0,0,1,4,1,0
061be36c-8a8d-43f5-bf8e-f30bf4c52bc7,0,0,1,1,1,1,1,1,0,1,1,0,0,1,3,1,0
0c9a9bd4-130d-4566-ae95-2a8d0e46678c,0,0,1,1,1,1,1,1,0,1,1,0,0,1,2,1,0
14addfda-84c4-4c85-a1be-b0314aff1f7b,0,0,1,1,1,1,1,1,0,1,1,0,0,1,1,1,0
047ac798-1c4f-4077-b479-fb146b97224b,0,0,1,1,1,1,1,1,0,1,1,0,0,1,5,1,0
06608358-4177-437c-b009-80b655bb2eba,0,0,1,1,1,1,1,1,0,1,1,1,1,1,2,1,0
0fcc8e13-5c64-43e1-ae40-23c8ba8152ff,0,0,1,1,1,1,1,1,0,1,1,0,0,1,2,1,1
05916341-0f97-43b8-ad4a-17f1a880ee40,0,0,1,1,1,1,1,1,0,1,1,0,0,1,1,1,1
0aee7b3a-d88f-420f-b1f4-b7956b77bcb4,0,0,1,1,1,1,0,0,0,1,1,1,1,1,4,1,1
05335407-2b38-41b6-9027-ed92a41a328f,0,0,1,1,1,1,1,1,0,1,1,0,0,1,5,1,0
00bdf5ab-b780-4a06-a6f8-3eeccd4f1ad1,0,0,1,1,1,1,1,1,0,1,1,1,1,1,5,1,1
03bbaa38-aa2a-4dee-ada4-b3ea03214e10,0,0,1,1,1,1,1,1,0,1,1,1,1,1,4,1,1
08cff9fc-41af-4d01-9670-356d162278ae,0,0,1,1,1,1,1,1,0,1,1,0,0,1,2,1,1
08f43a84-5fe9-4a4e-90a7-774af8971627,0,0,1,1,1,1,1,1,0,1,1,0,0,1,3,1,0
0440733e-7803-478f-a8c3-822259607afe,0,0,1,1,1,1,1,1,0,1,1,0,0,1,1,0,0
01e76398-d053-4273-baf7-2f6c57aff208,0,0,1,1,1,1,1,1,0,1,1,0,0,1,1,1,0
04428496-f4bb-4d58-8f2b-f9503f30aece,0,0,1,1,1,1,1,1,0,1,1,1,1,1,3,1,1
15e24302-5af6-47c2-942b-fb65d5eae776,0,0,1,1,1,1,1,1,0,1,1,1,1,1,3,1,0
0ff5ca77-35b2-4d06-a901-9dd99cf04bd3,0,0,1,1,1,1,1,1,0,1,1,0,0,1,3,1,1
0f73e7f6-d677-4a76-92fb-e50a0149b038,0,0,1,1,1,1,1,1,0,1,1,0,0,1,1,1,0
0382471c-239a-48ba-aa51-1c0d6747ed29,0,0,1,1,1,1,1,1,0,1,1,0,0,1,2,1,0
0f644a96-5113-4b57-9e10-e7cd1cdf04e6,0,0,1,1,1,1,1,1,0,1,1,1,1,1,2,1,0
15a44780-deee-45aa-86bc-c66279b9d300,0,0,1,1,1,1,1,1,0,1,1,0,0,1,2,1,0
05f1776a-b4d9-4de8-9477-7625006c262c,0,0,1,1,1,1,1,1,0,1,1,0,0,1,2,1,0
1042ec84-d444-471f-9cf9-1bd71ab86c94,0,0,1,1,1,1,1,1,0,1,1,0,0,1,1,1,0
130d28c5-f725-469c-93d2-707c10a30603,0,0,1,1,1,1,0,0,0,1,1,0,0,1,4,1,0
1219f4a2-fc41-44f2-952b-0c8f1c4d83cb,0,0,1,1,1,1,1,1,0,1,1,1,1,1,3,1,0
14709f45-1491-4e77-a8e5-bd96cdc34e11,0,0,1,1,1,1,1,1,0,1,1,1,1,1,3,1,0
017fe246-89a8-466f-9e5a-0fab4544950d,0,0,1,1,1,1,1,1,0,1,1,0,0,1,2,1,0
0704596d-7587-4213-83f7-a6b59bd239d4,0,0,1,1,1,1,1,1,0,1,1,1,1,1,1,1,0
00a4295c-d500-46d9-b2aa-f36120e545a0,0,0,1,1,1,1,1,1,0,1,1,0,0,1,4,1,0
088676fb-f122-47f3-a799-f62857bde7c8,0,0,1,1,1,1,1,1,0,1,1,0,0,1,1,0,0
04209b4a-54b5-42f8-a779-272fb85747c4,0,0,1,1,1,1,1,1,0,1,1,0,0,1,1,1,1
142c9faf-f57f-4871-8f3f-4731e9881ad1,0,0,1,1,1,1,1,1,0,1,1,0,0,1,4,1,0
0f06f2ea-7ab2-495a-88ea-7cb060761758,0,0,1,1,1,1,1,1,0,1,1,1,1,1,1,1,1
094c1293-0806-4010-8c2e-b13265e2ed3d,0,0,1,1,1,1,1,1,0,1,1,0,0,1,3,1,0
1502a018-2cbd-4cba-9acc-a1776d2d5ef3,0,0,1,1,1,1,1,1,0,1,1,0,0,1,1,0,0
04863122-ac51-4187-afd9-a347cc19011d,0,0,1,1,1,1,1,1,0,1,1,0,0,1,6,1,0
09bed06d-3848-4056-a03b-c598d2364997,0,0,1,1,1,1,1,1,0,1,1,0,0,1,3,1,1
11e1b647-c447-4a44-b7dd-bf3197984ce9,0,0,1,1,1,1,1,1,0,1,1,1,1,1,3,1,0
0b815e13-aec3-4a47-aa41-19c46ea740ca,0,0,1,1,1,1,1,1,0,1,1,0,0,1,5,1,1
0335bca1-8544-4de9-a679-69566cc6dcfe,0,0,1,1,1,1,1,1,0,1,1,0,0,1,4,1,0
072a37f0-fe53-42aa-811b-50f46131e19a,0,0,1,1,1,1,1,1,0,1,1,0,0,1,2,1,0
11d9e387-0a6f-43da-844d-80edb38be85e,0,0,1,1,1,1,1,1,0,1,1,0,0,1,2,1,0
1155e209-a7c5-4f6b-b501-904cf76c1bd2,0,0,1,1,1,1,1,1,0,1,1,0,0,1,2,1,0
0ec04f20-b97c-4e25-8663-b708a72410e1,0,0,1,1,1,1,1,1,0,1,1,0,0,1,2,1,0
00867d46-6ca1-4ff9-a080-cf94eaec1fcf,0,0,1,1,1,1,1,1,0,1,1,0,0,1,4,1,0
